customer_id,city,signup_date
C100000,Mumbai,2025-02-10
C100001,Hyderabad,2025-01-12
C100002,Pune,2025-02-20
C100003,Mumbai,2025-01-04
C100004,Hyderabad,2025-01-09
C100005,Chennai,2025-03-25
C100006,Mumbai,2025-02-23
C100007,Bengaluru,2025-01-01
C100008,Hyderabad,2025-01-12
C100009,Pune,2025-01-10
C100010,Mumbai,2025-01-13
C100011,Mumbai,2025-01-12
C100012,Bengaluru,2025-01-03
C100013,Delhi NCR,2025-01-25
C100014,Delhi NCR,2025-02-22
C100015,Bengaluru,2025-02-07
C100016,Delhi NCR,2025-02-14
C100017,Pune,2025-01-04
C100018,Mumbai,2025-05-02
C100019,Bengaluru,2025-03-14
C100020,Pune,2025-03-07
C100021,Chennai,2025-03-11
C100022,Delhi NCR,2025-04-18
C100023,Delhi NCR,2025-02-01
C100024,Mumbai,2025-01-09
C100025,Delhi NCR,2025-02-08
C100026,Delhi NCR,2025-02-24
C100027,Bengaluru,2025-02-23
C100028,Bengaluru,2025-01-30
C100029,Bengaluru,2025-01-03
C100030,Mumbai,2025-01-19
C100031,Bengaluru,2025-04-12
C100032,Mumbai,2025-02-05
C100033,Bengaluru,2025-01-31
C100034,Mumbai,2025-01-13
C100035,Chennai,2025-01-19
C100036,Delhi NCR,2025-04-01
C100037,Pune,2025-02-13
C100038,Hyderabad,2025-03-03
C100039,Delhi NCR,2025-01-25
C100040,Mumbai,2025-02-09
C100041,Delhi NCR,2025-01-12
C100042,Delhi NCR,2025-02-18
C100043,Pune,2025-01-23
C100044,Delhi NCR,2025-01-24
C100045,Mumbai,2025-02-11
C100046,Bengaluru,2025-04-21
C100047,Bengaluru,2025-01-03
C100048,Pune,2025-03-11
C100049,Delhi NCR,2025-01-14
C100050,Bengaluru,2025-01-24
C100051,Chennai,2025-01-01
C100052,Delhi NCR,2025-01-15
C100053,Bengaluru,2025-01-28
C100054,Mumbai,2025-01-03
C100055,Mumbai,2025-01-28
C100056,Bengaluru,2025-04-15
C100057,Mumbai,2025-01-05
C100058,Mumbai,2025-02-27
C100059,Bengaluru,2025-01-22
C100060,Mumbai,2025-02-12
C100061,Chennai,2025-01-13
C100062,Mumbai,2025-01-07
C100063,Delhi NCR,2025-01-07
C100064,Bengaluru,2025-01-03
C100065,Chennai,2025-01-09
C100066,Mumbai,2025-02-13
C100067,Bengaluru,2025-03-27
C100068,Chennai,2025-03-09
C100069,Hyderabad,2025-02-16
C100070,Hyderabad,2025-01-05
C100071,Bengaluru,2025-01-14
C100072,Mumbai,2025-01-15
C100073,Pune,2025-01-12
C100074,Chennai,2025-01-29
C100075,Delhi NCR,2025-01-31
C100076,Delhi NCR,2025-01-18
C100077,Bengaluru,2025-01-18
C100078,Hyderabad,2025-03-12
C100079,Mumbai,2025-03-04
C100080,Bengaluru,2025-01-15
C100081,Delhi NCR,2025-04-09
C100082,Delhi NCR,2025-05-03
C100083,Bengaluru,2025-01-16
C100084,Mumbai,2025-01-18
C100085,Delhi NCR,2025-01-29
C100086,Bengaluru,2025-04-24
C100087,Delhi NCR,2025-03-25
C100088,Mumbai,2025-01-05
C100089,Delhi NCR,2025-01-20
C100090,Delhi NCR,2025-02-02
C100091,Mumbai,2025-01-28
C100092,Bengaluru,2025-01-09
C100093,Mumbai,2025-03-20
C100094,Mumbai,2025-02-15
C100095,Chennai,2025-03-14
C100096,Bengaluru,2025-03-20
C100097,Hyderabad,2025-02-25
C100098,Bengaluru,2025-01-24
C100099,Pune,2025-02-07
C100100,Hyderabad,2025-01-07
C100101,Delhi NCR,2025-02-14
C100102,Delhi NCR,2025-01-08
C100103,Bengaluru,2025-02-17
C100104,Bengaluru,2025-01-11
C100105,Chennai,2025-01-06
C100106,Hyderabad,2025-01-08
C100107,Chennai,2025-01-01
C100108,Mumbai,2025-02-20
C100109,Pune,2025-02-22
C100110,Chennai,2025-01-29
C100111,Mumbai,2025-01-08
C100112,Mumbai,2025-01-04
C100113,Pune,2025-01-01
C100114,Delhi NCR,2025-01-08
C100115,Hyderabad,2025-03-30
C100116,Mumbai,2025-01-12
C100117,Hyderabad,2025-01-18
C100118,Mumbai,2025-01-05
C100119,Mumbai,2025-01-11
C100120,Mumbai,2025-01-30
C100121,Hyderabad,2025-02-07
C100122,Pune,2025-01-12
C100123,Delhi NCR,2025-01-03
C100124,Bengaluru,2025-01-20
C100125,Hyderabad,2025-01-11
C100126,Bengaluru,2025-01-10
C100127,Hyderabad,2025-05-09
C100128,Delhi NCR,2025-02-08
C100129,Bengaluru,2025-02-02
C100130,Delhi NCR,2025-01-22
C100131,Bengaluru,2025-01-23
C100132,Pune,2025-02-01
C100133,Delhi NCR,2025-02-17
C100134,Bengaluru,2025-02-18
C100135,Chennai,2025-01-08
C100136,Bengaluru,2025-01-28
C100137,Delhi NCR,2025-01-22
C100138,Chennai,2025-03-23
C100139,Pune,2025-02-09
C100140,Mumbai,2025-01-31
C100141,Chennai,2025-01-05
C100142,Pune,2025-02-07
C100143,Bengaluru,2025-01-05
C100144,Mumbai,2025-01-17
C100145,Hyderabad,2025-01-07
C100146,Pune,2025-02-17
C100147,Delhi NCR,2025-01-10
C100148,Chennai,2025-01-20
C100149,Hyderabad,2025-04-01
C100150,Mumbai,2025-01-10
C100151,Bengaluru,2025-01-29
C100152,Bengaluru,2025-01-22
C100153,Pune,2025-01-01
C100154,Mumbai,2025-03-04
C100155,Delhi NCR,2025-01-03
C100156,Hyderabad,2025-01-26
C100157,Hyderabad,2025-02-02
C100158,Bengaluru,2025-02-09
C100159,Hyderabad,2025-02-16
C100160,Mumbai,2025-01-12
C100161,Hyderabad,2025-01-01
C100162,Mumbai,2025-02-21
C100163,Bengaluru,2025-01-31
C100164,Hyderabad,2025-03-14
C100165,Mumbai,2025-03-10
C100166,Bengaluru,2025-03-16
C100167,Pune,2025-01-27
C100168,Pune,2025-01-17
C100169,Pune,2025-03-04
C100170,Pune,2025-01-25
C100171,Delhi NCR,2025-01-09
C100172,Bengaluru,2025-03-19
C100173,Bengaluru,2025-03-27
C100174,Mumbai,2025-01-26
C100175,Chennai,2025-01-04
C100176,Delhi NCR,2025-01-20
C100177,Bengaluru,2025-03-07
C100178,Delhi NCR,2025-04-03
C100179,Chennai,2025-01-10
C100180,Mumbai,2025-01-03
C100181,Delhi NCR,2025-03-25
C100182,Delhi NCR,2025-01-20
C100183,Delhi NCR,2025-02-01
C100184,Mumbai,2025-05-18
C100185,Hyderabad,2025-01-03
C100186,Chennai,2025-02-11
C100187,Delhi NCR,2025-01-04
C100188,Pune,2025-01-19
C100189,Chennai,2025-03-07
C100190,Pune,2025-01-23
C100191,Mumbai,2025-05-31
C100192,Delhi NCR,2025-02-02
C100193,Delhi NCR,2025-01-16
C100194,Delhi NCR,2025-01-10
C100195,Pune,2025-01-18
C100196,Chennai,2025-01-19
C100197,Chennai,2025-01-03
C100198,Delhi NCR,2025-01-19
C100199,Mumbai,2025-01-25
C100200,Chennai,2025-02-21
C100201,Hyderabad,2025-02-12
C100202,Mumbai,2025-02-19
C100203,Chennai,2025-01-01
C100204,Hyderabad,2025-01-10
C100205,Delhi NCR,2025-02-13
C100206,Delhi NCR,2025-01-27
C100207,Bengaluru,2025-01-01
C100208,Mumbai,2025-03-07
C100209,Bengaluru,2025-03-01
C100210,Hyderabad,2025-02-01
C100211,Mumbai,2025-01-03
C100212,Bengaluru,2025-02-28
C100213,Bengaluru,2025-02-05
C100214,Delhi NCR,2025-03-02
C100215,Chennai,2025-02-25
C100216,Bengaluru,2025-03-06
C100217,Bengaluru,2025-01-30
C100218,Pune,2025-01-07
C100219,Delhi NCR,2025-02-14
C100220,Bengaluru,2025-02-08
C100221,Delhi NCR,2025-02-24
C100222,Mumbai,2025-01-08
C100223,Mumbai,2025-01-09
C100224,Delhi NCR,2025-03-30
C100225,Bengaluru,2025-02-25
C100226,Chennai,2025-04-06
C100227,Bengaluru,2025-02-26
C100228,Delhi NCR,2025-02-06
C100229,Pune,2025-02-12
C100230,Mumbai,2025-03-29
C100231,Pune,2025-02-04
C100232,Mumbai,2025-02-10
C100233,Chennai,2025-01-07
C100234,Mumbai,2025-01-26
C100235,Bengaluru,2025-02-20
C100236,Mumbai,2025-01-13
C100237,Chennai,2025-01-10
C100238,Delhi NCR,2025-01-16
C100239,Delhi NCR,2025-01-12
C100240,Mumbai,2025-01-10
C100241,Pune,2025-01-23
C100242,Mumbai,2025-04-06
C100243,Chennai,2025-01-29
C100244,Mumbai,2025-01-09
C100245,Mumbai,2025-01-04
C100246,Mumbai,2025-02-17
C100247,Delhi NCR,2025-01-20
C100248,Delhi NCR,2025-03-11
C100249,Mumbai,2025-02-13
C100250,Hyderabad,2025-03-05
C100251,Delhi NCR,2025-01-13
C100252,Delhi NCR,2025-02-17
C100253,Delhi NCR,2025-01-13
C100254,Bengaluru,2025-04-22
C100255,Delhi NCR,2025-02-10
C100256,Mumbai,2025-01-16
C100257,Mumbai,2025-01-13
C100258,Hyderabad,2025-01-09
C100259,Chennai,2025-02-17
C100260,Bengaluru,2025-01-10
C100261,Bengaluru,2025-02-06
C100262,Pune,2025-01-13
C100263,Bengaluru,2025-02-13
C100264,Mumbai,2025-03-09
C100265,Mumbai,2025-03-02
C100266,Pune,2025-02-27
C100267,Pune,2025-01-09
C100268,Mumbai,2025-01-04
C100269,Bengaluru,2025-02-18
C100270,Bengaluru,2025-01-19
C100271,Pune,2025-01-23
C100272,Mumbai,2025-01-02
C100273,Mumbai,2025-01-13
C100274,Hyderabad,2025-01-02
C100275,Mumbai,2025-03-26
C100276,Pune,2025-01-12
C100277,Bengaluru,2025-02-02
C100278,Mumbai,2025-01-02
C100279,Bengaluru,2025-02-13
C100280,Pune,2025-01-16
C100281,Hyderabad,2025-04-02
C100282,Hyderabad,2025-03-29
C100283,Bengaluru,2025-01-16
C100284,Pune,2025-04-03
C100285,Mumbai,2025-05-31
C100286,Bengaluru,2025-03-11
C100287,Chennai,2025-03-16
C100288,Mumbai,2025-01-12
C100289,Mumbai,2025-02-04
C100290,Mumbai,2025-01-03
C100291,Mumbai,2025-01-04
C100292,Mumbai,2025-05-31
C100293,Delhi NCR,2025-01-16
C100294,Delhi NCR,2025-02-25
C100295,Chennai,2025-03-07
C100296,Hyderabad,2025-03-20
C100297,Bengaluru,2025-05-31
C100298,Bengaluru,2025-01-12
C100299,Bengaluru,2025-01-02
C100300,Delhi NCR,2025-01-22
C100301,Bengaluru,2025-01-06
C100302,Pune,2025-01-01
C100303,Bengaluru,2025-01-18
C100304,Delhi NCR,2025-03-03
C100305,Delhi NCR,2025-02-03
C100306,Bengaluru,2025-01-16
C100307,Chennai,2025-02-12
C100308,Hyderabad,2025-01-11
C100309,Mumbai,2025-01-01
C100310,Hyderabad,2025-02-27
C100311,Delhi NCR,2025-02-09
C100312,Chennai,2025-02-27
C100313,Hyderabad,2025-01-02
C100314,Delhi NCR,2025-03-14
C100315,Mumbai,2025-02-08
C100316,Bengaluru,2025-02-03
C100317,Delhi NCR,2025-02-09
C100318,Pune,2025-03-21
C100319,Bengaluru,2025-02-05
C100320,Mumbai,2025-02-04
C100321,Hyderabad,2025-05-31
C100322,Chennai,2025-02-26
C100323,Delhi NCR,2025-01-24
C100324,Mumbai,2025-02-19
C100325,Bengaluru,2025-01-20
C100326,Mumbai,2025-01-11
C100327,Chennai,2025-02-06
C100328,Mumbai,2025-04-16
C100329,Delhi NCR,2025-04-16
C100330,Bengaluru,2025-01-17
C100331,Delhi NCR,2025-01-31
C100332,Pune,2025-01-10
C100333,Hyderabad,2025-05-31
C100334,Mumbai,2025-05-31
C100335,Mumbai,2025-02-11
C100336,Mumbai,2025-03-07
C100337,Chennai,2025-02-20
C100338,Hyderabad,2025-02-05
C100339,Delhi NCR,2025-01-03
C100340,Delhi NCR,2025-01-25
C100341,Pune,2025-02-14
C100342,Mumbai,2025-02-15
C100343,Chennai,2025-01-19
C100344,Bengaluru,2025-04-24
C100345,Bengaluru,2025-01-08
C100346,Delhi NCR,2025-01-28
C100347,Mumbai,2025-02-16
C100348,Mumbai,2025-02-17
C100349,Pune,2025-02-11
C100350,Mumbai,2025-01-13
C100351,Delhi NCR,2025-01-07
C100352,Bengaluru,2025-02-10
C100353,Bengaluru,2025-02-06
C100354,Bengaluru,2025-01-08
C100355,Bengaluru,2025-02-18
C100356,Pune,2025-01-25
C100357,Bengaluru,2025-02-14
C100358,Delhi NCR,2025-03-14
C100359,Delhi NCR,2025-01-08
C100360,Pune,2025-01-01
C100361,Chennai,2025-03-02
C100362,Pune,2025-02-07
C100363,Mumbai,2025-02-18
C100364,Mumbai,2025-03-14
C100365,Bengaluru,2025-03-06
C100366,Delhi NCR,2025-05-10
C100367,Mumbai,2025-01-31
C100368,Delhi NCR,2025-01-27
C100369,Delhi NCR,2025-01-21
C100370,Bengaluru,2025-01-07
C100371,Hyderabad,2025-02-04
C100372,Mumbai,2025-01-13
C100373,Mumbai,2025-04-12
C100374,Pune,2025-02-05
C100375,Delhi NCR,2025-02-05
C100376,Pune,2025-01-18
C100377,Delhi NCR,2025-01-03
C100378,Bengaluru,2025-01-02
C100379,Hyderabad,2025-01-23
C100380,Hyderabad,2025-01-04
C100381,Pune,2025-02-07
C100382,Bengaluru,2025-03-27
C100383,Delhi NCR,2025-03-27
C100384,Bengaluru,2025-02-13
C100385,Mumbai,2025-01-10
C100386,Chennai,2025-03-21
C100387,Mumbai,2025-03-28
C100388,Chennai,2025-01-09
C100389,Delhi NCR,2025-02-23
C100390,Mumbai,2025-01-14
C100391,Delhi NCR,2025-03-06
C100392,Hyderabad,2025-05-31
C100393,Pune,2025-01-02
C100394,Hyderabad,2025-04-02
C100395,Pune,2025-02-08
C100396,Pune,2025-05-26
C100397,Hyderabad,2025-01-26
C100398,Bengaluru,2025-03-17
C100399,Delhi NCR,2025-01-03
C100400,Bengaluru,2025-01-17
C100401,Chennai,2025-01-03
C100402,Chennai,2025-05-29
C100403,Mumbai,2025-03-09
C100404,Pune,2025-03-18
C100405,Chennai,2025-04-22
C100406,Mumbai,2025-01-04
C100407,Delhi NCR,2025-01-20
C100408,Chennai,2025-01-03
C100409,Mumbai,2025-01-10
C100410,Pune,2025-01-11
C100411,Bengaluru,2025-01-26
C100412,Chennai,2025-01-13
C100413,Chennai,2025-01-05
C100414,Chennai,2025-01-08
C100415,Delhi NCR,2025-01-07
C100416,Hyderabad,2025-05-25
C100417,Hyderabad,2025-02-26
C100418,Bengaluru,2025-05-18
C100419,Hyderabad,2025-01-24
C100420,Mumbai,2025-01-14
C100421,Delhi NCR,2025-03-06
C100422,Bengaluru,2025-01-16
C100423,Mumbai,2025-01-15
C100424,Mumbai,2025-01-11
C100425,Pune,2025-01-06
C100426,Bengaluru,2025-01-12
C100427,Pune,2025-01-18
C100428,Mumbai,2025-02-14
C100429,Bengaluru,2025-01-03
C100430,Delhi NCR,2025-01-10
C100431,Hyderabad,2025-03-08
C100432,Bengaluru,2025-01-07
C100433,Pune,2025-01-17
C100434,Hyderabad,2025-03-21
C100435,Delhi NCR,2025-01-07
C100436,Bengaluru,2025-01-04
C100437,Mumbai,2025-01-27
C100438,Hyderabad,2025-01-15
C100439,Mumbai,2025-02-03
C100440,Hyderabad,2025-03-07
C100441,Delhi NCR,2025-01-06
C100442,Chennai,2025-02-04
C100443,Hyderabad,2025-01-29
C100444,Chennai,2025-01-07
C100445,Bengaluru,2025-02-09
C100446,Hyderabad,2025-01-13
C100447,Bengaluru,2025-01-27
C100448,Delhi NCR,2025-01-04
C100449,Pune,2025-01-25
C100450,Hyderabad,2025-01-15
C100451,Chennai,2025-03-11
C100452,Hyderabad,2025-01-03
C100453,Bengaluru,2025-01-22
C100454,Delhi NCR,2025-01-25
C100455,Pune,2025-02-21
C100456,Bengaluru,2025-02-04
C100457,Mumbai,2025-02-14
C100458,Bengaluru,2025-03-02
C100459,Bengaluru,2025-03-21
C100460,Bengaluru,2025-01-16
C100461,Bengaluru,2025-01-31
C100462,Mumbai,2025-03-15
C100463,Mumbai,2025-05-31
C100464,Chennai,2025-03-30
C100465,Delhi NCR,2025-01-19
C100466,Bengaluru,2025-01-09
C100467,Pune,2025-01-27
C100468,Mumbai,2025-02-24
C100469,Chennai,2025-01-28
C100470,Hyderabad,2025-01-27
C100471,Mumbai,2025-03-14
C100472,Bengaluru,2025-01-18
C100473,Hyderabad,2025-03-20
C100474,Chennai,2025-01-21
C100475,Delhi NCR,2025-01-16
C100476,Delhi NCR,2025-01-25
C100477,Mumbai,2025-02-27
C100478,Chennai,2025-01-06
C100479,Bengaluru,2025-01-09
C100480,Chennai,2025-05-02
C100481,Pune,2025-01-08
C100482,Delhi NCR,2025-02-03
C100483,Delhi NCR,2025-02-04
C100484,Bengaluru,2025-01-27
C100485,Mumbai,2025-02-11
C100486,Bengaluru,2025-01-11
C100487,Mumbai,2025-02-02
C100488,Hyderabad,2025-01-19
C100489,Bengaluru,2025-02-13
C100490,Mumbai,2025-01-07
C100491,Chennai,2025-02-03
C100492,Hyderabad,2025-01-09
C100493,Chennai,2025-01-14
C100494,Chennai,2025-01-10
C100495,Mumbai,2025-01-09
C100496,Bengaluru,2025-03-11
C100497,Pune,2025-01-14
C100498,Pune,2025-04-15
C100499,Mumbai,2025-05-21
C100500,Hyderabad,2025-02-03
C100501,Bengaluru,2025-01-07
C100502,Bengaluru,2025-01-19
C100503,Delhi NCR,2025-03-05
C100504,Delhi NCR,2025-01-19
C100505,Delhi NCR,2025-01-04
C100506,Mumbai,2025-02-02
C100507,Hyderabad,2025-03-16
C100508,Bengaluru,2025-03-05
C100509,Mumbai,2025-01-08
C100510,Hyderabad,2025-02-14
C100511,Chennai,2025-01-10
C100512,Hyderabad,2025-01-10
C100513,Hyderabad,2025-03-24
C100514,Pune,2025-01-12
C100515,Delhi NCR,2025-01-13
C100516,Mumbai,2025-01-01
C100517,Bengaluru,2025-03-23
C100518,Bengaluru,2025-03-04
C100519,Bengaluru,2025-02-09
C100520,Pune,2025-02-25
C100521,Delhi NCR,2025-01-07
C100522,Mumbai,2025-01-25
C100523,Bengaluru,2025-01-18
C100524,Pune,2025-01-04
C100525,Mumbai,2025-01-27
C100526,Hyderabad,2025-04-12
C100527,Delhi NCR,2025-01-02
C100528,Delhi NCR,2025-01-14
C100529,Delhi NCR,2025-01-10
C100530,Hyderabad,2025-01-11
C100531,Bengaluru,2025-04-06
C100532,Pune,2025-01-26
C100533,Delhi NCR,2025-01-26
C100534,Bengaluru,2025-02-27
C100535,Hyderabad,2025-01-07
C100536,Hyderabad,2025-01-27
C100537,Pune,2025-01-23
C100538,Hyderabad,2025-02-06
C100539,Hyderabad,2025-05-31
C100540,Pune,2025-02-28
C100541,Hyderabad,2025-01-21
C100542,Pune,2025-03-12
C100543,Pune,2025-01-08
C100544,Delhi NCR,2025-01-02
C100545,Pune,2025-01-10
C100546,Mumbai,2025-01-17
C100547,Hyderabad,2025-01-29
C100548,Hyderabad,2025-02-08
C100549,Mumbai,2025-04-07
C100550,Hyderabad,2025-01-29
C100551,Mumbai,2025-01-28
C100552,Bengaluru,2025-01-03
C100553,Pune,2025-01-02
C100554,Mumbai,2025-02-02
C100555,Hyderabad,2025-01-24
C100556,Hyderabad,2025-03-15
C100557,Delhi NCR,2025-01-08
C100558,Mumbai,2025-01-02
C100559,Bengaluru,2025-01-24
C100560,Delhi NCR,2025-01-11
C100561,Chennai,2025-01-03
C100562,Pune,2025-02-21
C100563,Bengaluru,2025-01-05
C100564,Pune,2025-02-07
C100565,Delhi NCR,2025-01-14
C100566,Hyderabad,2025-01-08
C100567,Mumbai,2025-01-20
C100568,Hyderabad,2025-03-06
C100569,Delhi NCR,2025-01-20
C100570,Chennai,2025-02-25
C100571,Bengaluru,2025-01-06
C100572,Pune,2025-03-01
C100573,Chennai,2025-01-11
C100574,Mumbai,2025-02-15
C100575,Chennai,2025-02-03
C100576,Pune,2025-04-16
C100577,Mumbai,2025-01-20
C100578,Bengaluru,2025-01-03
C100579,Pune,2025-01-01
C100580,Mumbai,2025-03-12
C100581,Delhi NCR,2025-01-30
C100582,Bengaluru,2025-03-01
C100583,Pune,2025-01-11
C100584,Mumbai,2025-01-17
C100585,Hyderabad,2025-01-02
C100586,Chennai,2025-05-11
C100587,Chennai,2025-02-14
C100588,Pune,2025-04-19
C100589,Mumbai,2025-01-13
C100590,Pune,2025-02-07
C100591,Mumbai,2025-02-15
C100592,Mumbai,2025-01-16
C100593,Bengaluru,2025-03-17
C100594,Delhi NCR,2025-04-28
C100595,Hyderabad,2025-03-28
C100596,Pune,2025-02-23
C100597,Delhi NCR,2025-01-13
C100598,Bengaluru,2025-01-14
C100599,Chennai,2025-05-13
C100600,Delhi NCR,2025-01-01
C100601,Delhi NCR,2025-02-20
C100602,Mumbai,2025-02-19
C100603,Hyderabad,2025-02-08
C100604,Pune,2025-05-31
C100605,Bengaluru,2025-01-15
C100606,Mumbai,2025-01-17
C100607,Pune,2025-01-04
C100608,Pune,2025-01-24
C100609,Bengaluru,2025-01-13
C100610,Chennai,2025-01-17
C100611,Mumbai,2025-03-13
C100612,Delhi NCR,2025-04-20
C100613,Chennai,2025-01-09
C100614,Bengaluru,2025-01-19
C100615,Pune,2025-04-16
C100616,Bengaluru,2025-01-03
C100617,Bengaluru,2025-01-04
C100618,Chennai,2025-01-08
C100619,Bengaluru,2025-02-06
C100620,Chennai,2025-01-07
C100621,Bengaluru,2025-05-18
C100622,Mumbai,2025-01-24
C100623,Mumbai,2025-01-28
C100624,Pune,2025-01-12
C100625,Bengaluru,2025-01-26
C100626,Hyderabad,2025-02-13
C100627,Delhi NCR,2025-02-25
C100628,Chennai,2025-02-26
C100629,Mumbai,2025-02-04
C100630,Hyderabad,2025-04-04
C100631,Hyderabad,2025-03-10
C100632,Hyderabad,2025-02-26
C100633,Hyderabad,2025-01-03
C100634,Hyderabad,2025-01-01
C100635,Pune,2025-01-10
C100636,Mumbai,2025-02-13
C100637,Mumbai,2025-01-22
C100638,Chennai,2025-01-21
C100639,Delhi NCR,2025-03-28
C100640,Hyderabad,2025-04-01
C100641,Delhi NCR,2025-04-06
C100642,Mumbai,2025-01-16
C100643,Mumbai,2025-02-16
C100644,Pune,2025-01-13
C100645,Delhi NCR,2025-01-09
C100646,Mumbai,2025-01-09
C100647,Delhi NCR,2025-01-17
C100648,Mumbai,2025-01-23
C100649,Delhi NCR,2025-03-13
C100650,Bengaluru,2025-01-06
C100651,Hyderabad,2025-02-23
C100652,Bengaluru,2025-01-31
C100653,Delhi NCR,2025-01-14
C100654,Mumbai,2025-01-28
C100655,Mumbai,2025-01-15
C100656,Bengaluru,2025-02-06
C100657,Delhi NCR,2025-01-23
C100658,Delhi NCR,2025-01-08
C100659,Bengaluru,2025-01-05
C100660,Pune,2025-02-01
C100661,Hyderabad,2025-04-04
C100662,Hyderabad,2025-01-17
C100663,Mumbai,2025-02-22
C100664,Delhi NCR,2025-02-12
C100665,Mumbai,2025-04-18
C100666,Bengaluru,2025-03-10
C100667,Chennai,2025-02-03
C100668,Mumbai,2025-02-12
C100669,Delhi NCR,2025-04-02
C100670,Delhi NCR,2025-01-21
C100671,Pune,2025-01-16
C100672,Delhi NCR,2025-01-01
C100673,Mumbai,2025-03-12
C100674,Bengaluru,2025-03-06
C100675,Delhi NCR,2025-01-05
C100676,Mumbai,2025-02-04
C100677,Bengaluru,2025-01-25
C100678,Mumbai,2025-01-06
C100679,Mumbai,2025-05-31
C100680,Bengaluru,2025-01-10
C100681,Mumbai,2025-01-03
C100682,Delhi NCR,2025-02-06
C100683,Pune,2025-02-23
C100684,Hyderabad,2025-01-02
C100685,Mumbai,2025-02-13
C100686,Mumbai,2025-01-31
C100687,Mumbai,2025-01-05
C100688,Pune,2025-01-08
C100689,Pune,2025-02-03
C100690,Mumbai,2025-01-15
C100691,Chennai,2025-04-22
C100692,Mumbai,2025-03-10
C100693,Delhi NCR,2025-05-31
C100694,Pune,2025-01-13
C100695,Hyderabad,2025-05-20
C100696,Pune,2025-01-23
C100697,Hyderabad,2025-01-18
C100698,Bengaluru,2025-01-03
C100699,Hyderabad,2025-01-03
C100700,Mumbai,2025-02-17
C100701,Chennai,2025-01-25
C100702,Delhi NCR,2025-01-11
C100703,Hyderabad,2025-02-08
C100704,Delhi NCR,2025-01-12
C100705,Pune,2025-02-04
C100706,Delhi NCR,2025-01-18
C100707,Pune,2025-03-11
C100708,Mumbai,2025-03-10
C100709,Mumbai,2025-01-26
C100710,Bengaluru,2025-01-18
C100711,Mumbai,2025-01-19
C100712,Hyderabad,2025-03-07
C100713,Mumbai,2025-01-16
C100714,Chennai,2025-01-10
C100715,Bengaluru,2025-01-04
C100716,Mumbai,2025-01-26
C100717,Hyderabad,2025-01-27
C100718,Pune,2025-03-15
C100719,Delhi NCR,2025-01-11
C100720,Delhi NCR,2025-01-20
C100721,Pune,2025-03-08
C100722,Bengaluru,2025-03-11
C100723,Chennai,2025-01-20
C100724,Chennai,2025-01-25
C100725,Pune,2025-01-15
C100726,Mumbai,2025-04-18
C100727,Pune,2025-01-06
C100728,Mumbai,2025-04-19
C100729,Mumbai,2025-02-16
C100730,Bengaluru,2025-01-31
C100731,Delhi NCR,2025-01-02
C100732,Hyderabad,2025-01-26
C100733,Pune,2025-01-21
C100734,Pune,2025-01-08
C100735,Delhi NCR,2025-02-12
C100736,Bengaluru,2025-05-22
C100737,Bengaluru,2025-02-03
C100738,Chennai,2025-02-20
C100739,Mumbai,2025-01-03
C100740,Hyderabad,2025-01-22
C100741,Delhi NCR,2025-01-05
C100742,Delhi NCR,2025-02-07
C100743,Pune,2025-04-22
C100744,Delhi NCR,2025-02-13
C100745,Hyderabad,2025-01-04
C100746,Chennai,2025-01-18
C100747,Delhi NCR,2025-02-01
C100748,Bengaluru,2025-01-21
C100749,Delhi NCR,2025-03-13
C100750,Chennai,2025-03-09
C100751,Mumbai,2025-02-07
C100752,Pune,2025-01-19
C100753,Pune,2025-01-12
C100754,Pune,2025-01-05
C100755,Mumbai,2025-01-18
C100756,Pune,2025-01-22
C100757,Chennai,2025-02-15
C100758,Mumbai,2025-02-12
C100759,Bengaluru,2025-01-03
C100760,Chennai,2025-01-21
C100761,Mumbai,2025-01-09
C100762,Hyderabad,2025-01-07
C100763,Delhi NCR,2025-03-12
C100764,Bengaluru,2025-01-02
C100765,Hyderabad,2025-01-22
C100766,Delhi NCR,2025-01-08
C100767,Delhi NCR,2025-03-26
C100768,Bengaluru,2025-02-02
C100769,Delhi NCR,2025-01-11
C100770,Mumbai,2025-01-28
C100771,Bengaluru,2025-02-22
C100772,Chennai,2025-05-07
C100773,Bengaluru,2025-01-10
C100774,Pune,2025-03-28
C100775,Bengaluru,2025-04-19
C100776,Hyderabad,2025-04-10
C100777,Mumbai,2025-02-10
C100778,Chennai,2025-02-09
C100779,Delhi NCR,2025-01-21
C100780,Bengaluru,2025-02-25
C100781,Mumbai,2025-01-31
C100782,Mumbai,2025-02-15
C100783,Delhi NCR,2025-01-23
C100784,Bengaluru,2025-02-22
C100785,Hyderabad,2025-03-11
C100786,Delhi NCR,2025-01-07
C100787,Bengaluru,2025-03-13
C100788,Delhi NCR,2025-02-01
C100789,Pune,2025-03-16
C100790,Mumbai,2025-01-23
C100791,Mumbai,2025-01-20
C100792,Mumbai,2025-04-09
C100793,Pune,2025-01-12
C100794,Pune,2025-03-16
C100795,Delhi NCR,2025-01-27
C100796,Hyderabad,2025-01-29
C100797,Hyderabad,2025-01-15
C100798,Delhi NCR,2025-02-04
C100799,Hyderabad,2025-01-16
C100800,Mumbai,2025-01-02
C100801,Mumbai,2025-01-13
C100802,Bengaluru,2025-01-01
C100803,Mumbai,2025-05-31
C100804,Delhi NCR,2025-05-15
C100805,Chennai,2025-01-21
C100806,Mumbai,2025-02-22
C100807,Mumbai,2025-01-17
C100808,Delhi NCR,2025-02-14
C100809,Chennai,2025-03-07
C100810,Bengaluru,2025-04-28
C100811,Delhi NCR,2025-01-21
C100812,Mumbai,2025-03-03
C100813,Mumbai,2025-01-13
C100814,Chennai,2025-05-31
C100815,Chennai,2025-01-02
C100816,Mumbai,2025-02-07
C100817,Chennai,2025-02-13
C100818,Pune,2025-02-16
C100819,Hyderabad,2025-01-06
C100820,Delhi NCR,2025-04-22
C100821,Delhi NCR,2025-01-08
C100822,Delhi NCR,2025-02-08
C100823,Pune,2025-01-11
C100824,Mumbai,2025-01-15
C100825,Mumbai,2025-02-01
C100826,Bengaluru,2025-01-22
C100827,Pune,2025-01-07
C100828,Mumbai,2025-01-08
C100829,Pune,2025-01-22
C100830,Chennai,2025-02-26
C100831,Mumbai,2025-04-02
C100832,Pune,2025-01-04
C100833,Delhi NCR,2025-01-20
C100834,Hyderabad,2025-01-05
C100835,Mumbai,2025-01-01
C100836,Pune,2025-02-13
C100837,Hyderabad,2025-02-06
C100838,Chennai,2025-01-08
C100839,Pune,2025-01-11
C100840,Delhi NCR,2025-01-01
C100841,Delhi NCR,2025-03-14
C100842,Hyderabad,2025-05-28
C100843,Delhi NCR,2025-01-06
C100844,Mumbai,2025-01-11
C100845,Chennai,2025-03-23
C100846,Pune,2025-04-15
C100847,Pune,2025-01-22
C100848,Mumbai,2025-01-03
C100849,Pune,2025-01-02
C100850,Bengaluru,2025-02-04
C100851,Pune,2025-01-20
C100852,Mumbai,2025-01-02
C100853,Pune,2025-02-05
C100854,Chennai,2025-01-01
C100855,Mumbai,2025-03-03
C100856,Chennai,2025-01-15
C100857,Bengaluru,2025-01-02
C100858,Hyderabad,2025-02-05
C100859,Hyderabad,2025-01-21
C100860,Delhi NCR,2025-05-26
C100861,Pune,2025-02-01
C100862,Hyderabad,2025-01-13
C100863,Bengaluru,2025-02-19
C100864,Bengaluru,2025-01-13
C100865,Pune,2025-04-04
C100866,Hyderabad,2025-01-19
C100867,Hyderabad,2025-02-01
C100868,Hyderabad,2025-01-03
C100869,Delhi NCR,2025-01-23
C100870,Hyderabad,2025-03-13
C100871,Mumbai,2025-03-07
C100872,Delhi NCR,2025-01-11
C100873,Mumbai,2025-01-11
C100874,Bengaluru,2025-03-09
C100875,Bengaluru,2025-04-17
C100876,Bengaluru,2025-01-05
C100877,Pune,2025-01-24
C100878,Bengaluru,2025-01-17
C100879,Delhi NCR,2025-03-23
C100880,Bengaluru,2025-01-04
C100881,Bengaluru,2025-01-10
C100882,Bengaluru,2025-02-25
C100883,Mumbai,2025-01-03
C100884,Delhi NCR,2025-01-28
C100885,Pune,2025-01-24
C100886,Delhi NCR,2025-01-17
C100887,Delhi NCR,2025-01-21
C100888,Bengaluru,2025-01-31
C100889,Hyderabad,2025-01-08
C100890,Delhi NCR,2025-02-03
C100891,Delhi NCR,2025-03-07
C100892,Mumbai,2025-02-27
C100893,Bengaluru,2025-01-07
C100894,Bengaluru,2025-01-07
C100895,Bengaluru,2025-01-13
C100896,Delhi NCR,2025-01-18
C100897,Delhi NCR,2025-01-22
C100898,Delhi NCR,2025-02-15
C100899,Hyderabad,2025-01-03
C100900,Hyderabad,2025-01-02
C100901,Pune,2025-01-20
C100902,Chennai,2025-02-17
C100903,Mumbai,2025-01-09
C100904,Mumbai,2025-02-11
C100905,Mumbai,2025-01-13
C100906,Pune,2025-03-28
C100907,Chennai,2025-04-01
C100908,Bengaluru,2025-01-15
C100909,Chennai,2025-01-11
C100910,Mumbai,2025-01-22
C100911,Chennai,2025-01-12
C100912,Bengaluru,2025-02-14
C100913,Mumbai,2025-03-11
C100914,Delhi NCR,2025-02-14
C100915,Bengaluru,2025-03-11
C100916,Bengaluru,2025-01-21
C100917,Bengaluru,2025-01-07
C100918,Hyderabad,2025-02-23
C100919,Delhi NCR,2025-01-18
C100920,Bengaluru,2025-02-14
C100921,Delhi NCR,2025-01-13
C100922,Pune,2025-01-04
C100923,Bengaluru,2025-05-31
C100924,Bengaluru,2025-01-07
C100925,Mumbai,2025-05-31
C100926,Mumbai,2025-05-31
C100927,Pune,2025-03-05
C100928,Mumbai,2025-02-13
C100929,Delhi NCR,2025-02-04
C100930,Pune,2025-03-22
C100931,Mumbai,2025-01-14
C100932,Delhi NCR,2025-01-26
C100933,Bengaluru,2025-02-08
C100934,Chennai,2025-01-22
C100935,Delhi NCR,2025-01-23
C100936,Hyderabad,2025-01-17
C100937,Delhi NCR,2025-02-03
C100938,Mumbai,2025-03-18
C100939,Pune,2025-01-10
C100940,Chennai,2025-04-19
C100941,Delhi NCR,2025-02-16
C100942,Hyderabad,2025-03-11
C100943,Hyderabad,2025-02-02
C100944,Bengaluru,2025-03-02
C100945,Mumbai,2025-01-01
C100946,Delhi NCR,2025-03-10
C100947,Bengaluru,2025-01-02
C100948,Hyderabad,2025-03-30
C100949,Chennai,2025-05-31
C100950,Bengaluru,2025-01-14
C100951,Bengaluru,2025-01-10
C100952,Hyderabad,2025-02-27
C100953,Bengaluru,2025-01-12
C100954,Hyderabad,2025-03-22
C100955,Delhi NCR,2025-01-05
C100956,Pune,2025-01-06
C100957,Mumbai,2025-05-31
C100958,Pune,2025-02-14
C100959,Delhi NCR,2025-03-17
C100960,Delhi NCR,2025-01-16
C100961,Mumbai,2025-02-15
C100962,Pune,2025-02-06
C100963,Hyderabad,2025-02-06
C100964,Mumbai,2025-02-15
C100965,Mumbai,2025-02-04
C100966,Mumbai,2025-01-23
C100967,Pune,2025-01-13
C100968,Delhi NCR,2025-02-28
C100969,Delhi NCR,2025-01-11
C100970,Bengaluru,2025-02-17
C100971,Bengaluru,2025-01-11
C100972,Delhi NCR,2025-02-09
C100973,Delhi NCR,2025-02-24
C100974,Chennai,2025-01-10
C100975,Mumbai,2025-01-03
C100976,Pune,2025-01-06
C100977,Bengaluru,2025-02-07
C100978,Delhi NCR,2025-03-17
C100979,Pune,2025-01-02
C100980,Pune,2025-02-22
C100981,Chennai,2025-01-17
C100982,Mumbai,2025-01-27
C100983,Mumbai,2025-04-16
C100984,Pune,2025-01-17
C100985,Delhi NCR,2025-01-26
C100986,Bengaluru,2025-01-01
C100987,Mumbai,2025-01-04
C100988,Mumbai,2025-01-12
C100989,Chennai,2025-01-02
C100990,Mumbai,2025-02-09
C100991,Bengaluru,2025-01-23
C100992,Bengaluru,2025-02-01
C100993,Bengaluru,2025-01-08
C100994,Mumbai,2025-01-15
C100995,Delhi NCR,2025-02-13
C100996,Mumbai,2025-05-15
C100997,Hyderabad,2025-01-03
C100998,Bengaluru,2025-03-30
C100999,Delhi NCR,2025-02-04
C101000,Hyderabad,2025-02-03
C101001,Pune,2025-01-28
C101002,Delhi NCR,2025-01-03
C101003,Bengaluru,2025-01-04
C101004,Bengaluru,2025-02-06
C101005,Pune,2025-01-17
C101006,Chennai,2025-04-10
C101007,Pune,2025-01-21
C101008,Delhi NCR,2025-01-07
C101009,Pune,2025-02-20
C101010,Delhi NCR,2025-01-14
C101011,Mumbai,2025-01-30
C101012,Delhi NCR,2025-02-17
C101013,Chennai,2025-04-03
C101014,Mumbai,2025-03-04
C101015,Pune,2025-02-15
C101016,Mumbai,2025-02-15
C101017,Delhi NCR,2025-04-27
C101018,Mumbai,2025-01-15
C101019,Delhi NCR,2025-01-01
C101020,Pune,2025-01-13
C101021,Bengaluru,2025-01-10
C101022,Pune,2025-02-13
C101023,Hyderabad,2025-02-10
C101024,Chennai,2025-02-06
C101025,Bengaluru,2025-01-01
C101026,Bengaluru,2025-02-22
C101027,Mumbai,2025-01-16
C101028,Chennai,2025-02-13
C101029,Chennai,2025-02-02
C101030,Delhi NCR,2025-01-17
C101031,Hyderabad,2025-01-06
C101032,Delhi NCR,2025-01-04
C101033,Pune,2025-03-13
C101034,Mumbai,2025-04-11
C101035,Pune,2025-02-11
C101036,Mumbai,2025-01-05
C101037,Hyderabad,2025-01-21
C101038,Hyderabad,2025-02-22
C101039,Pune,2025-03-02
C101040,Mumbai,2025-01-06
C101041,Bengaluru,2025-01-01
C101042,Bengaluru,2025-02-19
C101043,Bengaluru,2025-01-18
C101044,Mumbai,2025-01-12
C101045,Chennai,2025-01-01
C101046,Delhi NCR,2025-02-01
C101047,Bengaluru,2025-03-18
C101048,Bengaluru,2025-05-07
C101049,Delhi NCR,2025-02-03
C101050,Delhi NCR,2025-01-29
C101051,Delhi NCR,2025-01-04
C101052,Chennai,2025-02-01
C101053,Delhi NCR,2025-01-20
C101054,Chennai,2025-02-07
C101055,Hyderabad,2025-01-20
C101056,Mumbai,2025-01-11
C101057,Chennai,2025-01-04
C101058,Mumbai,2025-01-16
C101059,Hyderabad,2025-01-05
C101060,Bengaluru,2025-01-08
C101061,Hyderabad,2025-05-31
C101062,Hyderabad,2025-01-24
C101063,Hyderabad,2025-01-31
C101064,Hyderabad,2025-03-24
C101065,Bengaluru,2025-05-31
C101066,Mumbai,2025-02-04
C101067,Bengaluru,2025-03-08
C101068,Mumbai,2025-01-16
C101069,Pune,2025-01-15
C101070,Bengaluru,2025-01-21
C101071,Chennai,2025-02-14
C101072,Pune,2025-02-15
C101073,Hyderabad,2025-01-16
C101074,Mumbai,2025-01-06
C101075,Hyderabad,2025-02-10
C101076,Chennai,2025-01-06
C101077,Delhi NCR,2025-02-04
C101078,Delhi NCR,2025-02-17
C101079,Hyderabad,2025-02-18
C101080,Mumbai,2025-02-26
C101081,Delhi NCR,2025-03-24
C101082,Bengaluru,2025-01-28
C101083,Mumbai,2025-02-22
C101084,Bengaluru,2025-02-08
C101085,Mumbai,2025-01-09
C101086,Mumbai,2025-01-02
C101087,Mumbai,2025-01-14
C101088,Chennai,2025-01-24
C101089,Delhi NCR,2025-02-08
C101090,Chennai,2025-03-17
C101091,Delhi NCR,2025-01-09
C101092,Bengaluru,2025-01-06
C101093,Delhi NCR,2025-05-13
C101094,Delhi NCR,2025-01-05
C101095,Mumbai,2025-01-27
C101096,Pune,2025-02-05
C101097,Mumbai,2025-02-01
C101098,Delhi NCR,2025-01-04
C101099,Pune,2025-01-03
C101100,Mumbai,2025-01-05
C101101,Mumbai,2025-02-05
C101102,Hyderabad,2025-02-01
C101103,Delhi NCR,2025-01-11
C101104,Mumbai,2025-02-10
C101105,Chennai,2025-03-10
C101106,Mumbai,2025-01-02
C101107,Pune,2025-01-28
C101108,Chennai,2025-02-16
C101109,Bengaluru,2025-01-12
C101110,Mumbai,2025-01-15
C101111,Mumbai,2025-02-08
C101112,Bengaluru,2025-04-02
C101113,Mumbai,2025-03-08
C101114,Pune,2025-02-04
C101115,Mumbai,2025-02-22
C101116,Delhi NCR,2025-01-19
C101117,Chennai,2025-02-10
C101118,Hyderabad,2025-01-26
C101119,Delhi NCR,2025-01-09
C101120,Bengaluru,2025-02-18
C101121,Pune,2025-02-02
C101122,Delhi NCR,2025-01-18
C101123,Delhi NCR,2025-04-07
C101124,Mumbai,2025-01-01
C101125,Hyderabad,2025-01-16
C101126,Delhi NCR,2025-01-03
C101127,Mumbai,2025-02-28
C101128,Bengaluru,2025-02-18
C101129,Bengaluru,2025-01-17
C101130,Hyderabad,2025-02-15
C101131,Pune,2025-01-21
C101132,Hyderabad,2025-02-26
C101133,Mumbai,2025-01-25
C101134,Bengaluru,2025-01-22
C101135,Delhi NCR,2025-04-20
C101136,Mumbai,2025-01-12
C101137,Bengaluru,2025-01-06
C101138,Hyderabad,2025-02-05
C101139,Mumbai,2025-05-20
C101140,Delhi NCR,2025-01-19
C101141,Mumbai,2025-01-03
C101142,Mumbai,2025-01-17
C101143,Bengaluru,2025-01-29
C101144,Chennai,2025-01-08
C101145,Hyderabad,2025-02-12
C101146,Chennai,2025-05-31
C101147,Delhi NCR,2025-01-25
C101148,Mumbai,2025-01-18
C101149,Delhi NCR,2025-01-21
C101150,Delhi NCR,2025-01-05
C101151,Hyderabad,2025-03-27
C101152,Mumbai,2025-01-22
C101153,Delhi NCR,2025-01-20
C101154,Mumbai,2025-02-13
C101155,Bengaluru,2025-01-24
C101156,Pune,2025-02-11
C101157,Delhi NCR,2025-01-03
C101158,Bengaluru,2025-03-09
C101159,Bengaluru,2025-04-23
C101160,Delhi NCR,2025-02-11
C101161,Hyderabad,2025-05-04
C101162,Chennai,2025-01-07
C101163,Chennai,2025-01-26
C101164,Hyderabad,2025-02-06
C101165,Bengaluru,2025-02-04
C101166,Pune,2025-01-21
C101167,Delhi NCR,2025-01-17
C101168,Bengaluru,2025-01-06
C101169,Hyderabad,2025-01-20
C101170,Mumbai,2025-01-08
C101171,Chennai,2025-02-23
C101172,Delhi NCR,2025-01-10
C101173,Pune,2025-01-03
C101174,Pune,2025-02-02
C101175,Chennai,2025-02-06
C101176,Pune,2025-03-24
C101177,Delhi NCR,2025-02-04
C101178,Mumbai,2025-01-17
C101179,Delhi NCR,2025-03-06
C101180,Mumbai,2025-02-01
C101181,Pune,2025-01-04
C101182,Delhi NCR,2025-02-03
C101183,Pune,2025-04-06
C101184,Mumbai,2025-01-21
C101185,Mumbai,2025-01-15
C101186,Pune,2025-01-07
C101187,Mumbai,2025-01-07
C101188,Mumbai,2025-01-23
C101189,Mumbai,2025-02-06
C101190,Chennai,2025-01-04
C101191,Pune,2025-04-23
C101192,Bengaluru,2025-02-26
C101193,Bengaluru,2025-02-05
C101194,Bengaluru,2025-03-12
C101195,Hyderabad,2025-01-04
C101196,Pune,2025-01-26
C101197,Mumbai,2025-02-09
C101198,Mumbai,2025-03-12
C101199,Mumbai,2025-03-03
C101200,Pune,2025-01-13
C101201,Hyderabad,2025-04-24
C101202,Bengaluru,2025-01-06
C101203,Mumbai,2025-03-25
C101204,Mumbai,2025-05-22
C101205,Chennai,2025-01-08
C101206,Bengaluru,2025-02-21
C101207,Hyderabad,2025-01-02
C101208,Pune,2025-01-21
C101209,Bengaluru,2025-01-30
C101210,Mumbai,2025-02-04
C101211,Mumbai,2025-04-20
C101212,Delhi NCR,2025-02-14
C101213,Hyderabad,2025-01-27
C101214,Pune,2025-03-08
C101215,Delhi NCR,2025-05-01
C101216,Mumbai,2025-01-01
C101217,Chennai,2025-05-31
C101218,Hyderabad,2025-01-04
C101219,Bengaluru,2025-03-09
C101220,Chennai,2025-01-14
C101221,Delhi NCR,2025-01-06
C101222,Delhi NCR,2025-01-24
C101223,Pune,2025-02-11
C101224,Hyderabad,2025-01-20
C101225,Pune,2025-01-03
C101226,Mumbai,2025-02-06
C101227,Bengaluru,2025-04-04
C101228,Chennai,2025-01-20
C101229,Bengaluru,2025-01-10
C101230,Bengaluru,2025-01-24
C101231,Delhi NCR,2025-01-02
C101232,Delhi NCR,2025-03-10
C101233,Delhi NCR,2025-03-12
C101234,Chennai,2025-02-05
C101235,Bengaluru,2025-01-18
C101236,Mumbai,2025-03-06
C101237,Mumbai,2025-02-02
C101238,Hyderabad,2025-03-11
C101239,Pune,2025-02-09
C101240,Bengaluru,2025-03-03
C101241,Hyderabad,2025-02-06
C101242,Hyderabad,2025-01-22
C101243,Hyderabad,2025-05-07
C101244,Chennai,2025-02-01
C101245,Bengaluru,2025-02-07
C101246,Pune,2025-01-10
C101247,Delhi NCR,2025-02-09
C101248,Hyderabad,2025-02-03
C101249,Pune,2025-01-09
C101250,Hyderabad,2025-01-03
C101251,Pune,2025-02-07
C101252,Mumbai,2025-02-27
C101253,Delhi NCR,2025-01-30
C101254,Chennai,2025-01-11
C101255,Chennai,2025-02-13
C101256,Mumbai,2025-01-04
C101257,Mumbai,2025-01-24
C101258,Mumbai,2025-01-08
C101259,Pune,2025-01-09
C101260,Hyderabad,2025-01-10
C101261,Mumbai,2025-01-20
C101262,Delhi NCR,2025-01-03
C101263,Hyderabad,2025-01-21
C101264,Pune,2025-01-29
C101265,Delhi NCR,2025-01-27
C101266,Delhi NCR,2025-01-20
C101267,Delhi NCR,2025-03-15
C101268,Bengaluru,2025-01-07
C101269,Delhi NCR,2025-01-29
C101270,Pune,2025-01-03
C101271,Hyderabad,2025-01-03
C101272,Pune,2025-02-04
C101273,Hyderabad,2025-02-03
C101274,Mumbai,2025-03-26
C101275,Delhi NCR,2025-02-02
C101276,Mumbai,2025-05-09
C101277,Bengaluru,2025-01-02
C101278,Pune,2025-01-05
C101279,Chennai,2025-01-02
C101280,Mumbai,2025-01-09
C101281,Bengaluru,2025-02-01
C101282,Hyderabad,2025-02-11
C101283,Mumbai,2025-01-02
C101284,Delhi NCR,2025-04-27
C101285,Pune,2025-03-15
C101286,Delhi NCR,2025-01-15
C101287,Mumbai,2025-01-04
C101288,Bengaluru,2025-01-08
C101289,Hyderabad,2025-01-06
C101290,Delhi NCR,2025-01-06
C101291,Mumbai,2025-01-30
C101292,Hyderabad,2025-01-12
C101293,Mumbai,2025-01-18
C101294,Pune,2025-05-31
C101295,Mumbai,2025-02-16
C101296,Chennai,2025-04-30
C101297,Bengaluru,2025-01-07
C101298,Bengaluru,2025-01-20
C101299,Mumbai,2025-02-02
C101300,Bengaluru,2025-01-04
C101301,Hyderabad,2025-01-01
C101302,Chennai,2025-02-14
C101303,Bengaluru,2025-02-11
C101304,Delhi NCR,2025-01-22
C101305,Pune,2025-01-27
C101306,Hyderabad,2025-01-22
C101307,Delhi NCR,2025-01-01
C101308,Bengaluru,2025-01-17
C101309,Bengaluru,2025-01-08
C101310,Pune,2025-01-05
C101311,Mumbai,2025-05-06
C101312,Delhi NCR,2025-02-06
C101313,Bengaluru,2025-02-22
C101314,Hyderabad,2025-01-16
C101315,Mumbai,2025-01-20
C101316,Delhi NCR,2025-01-11
C101317,Delhi NCR,2025-01-05
C101318,Pune,2025-01-08
C101319,Mumbai,2025-03-05
C101320,Delhi NCR,2025-02-15
C101321,Delhi NCR,2025-02-01
C101322,Delhi NCR,2025-01-26
C101323,Delhi NCR,2025-04-13
C101324,Pune,2025-01-04
C101325,Hyderabad,2025-01-14
C101326,Bengaluru,2025-01-18
C101327,Hyderabad,2025-03-03
C101328,Delhi NCR,2025-05-31
C101329,Mumbai,2025-01-12
C101330,Mumbai,2025-03-24
C101331,Bengaluru,2025-03-13
C101332,Hyderabad,2025-01-11
C101333,Pune,2025-01-21
C101334,Hyderabad,2025-01-22
C101335,Delhi NCR,2025-05-31
C101336,Delhi NCR,2025-01-08
C101337,Mumbai,2025-03-06
C101338,Bengaluru,2025-01-17
C101339,Delhi NCR,2025-02-22
C101340,Mumbai,2025-01-22
C101341,Bengaluru,2025-02-04
C101342,Delhi NCR,2025-03-13
C101343,Pune,2025-03-07
C101344,Chennai,2025-03-22
C101345,Chennai,2025-01-03
C101346,Pune,2025-02-17
C101347,Delhi NCR,2025-01-07
C101348,Pune,2025-01-22
C101349,Hyderabad,2025-02-01
C101350,Mumbai,2025-01-21
C101351,Bengaluru,2025-01-30
C101352,Hyderabad,2025-05-31
C101353,Bengaluru,2025-01-06
C101354,Delhi NCR,2025-02-15
C101355,Delhi NCR,2025-01-21
C101356,Mumbai,2025-01-06
C101357,Bengaluru,2025-01-07
C101358,Bengaluru,2025-04-30
C101359,Mumbai,2025-03-26
C101360,Mumbai,2025-04-06
C101361,Hyderabad,2025-05-31
C101362,Bengaluru,2025-01-10
C101363,Delhi NCR,2025-01-18
C101364,Bengaluru,2025-02-14
C101365,Chennai,2025-01-27
C101366,Bengaluru,2025-01-22
C101367,Delhi NCR,2025-01-18
C101368,Hyderabad,2025-02-06
C101369,Hyderabad,2025-02-04
C101370,Mumbai,2025-01-08
C101371,Hyderabad,2025-01-26
C101372,Delhi NCR,2025-02-02
C101373,Delhi NCR,2025-02-03
C101374,Mumbai,2025-01-10
C101375,Mumbai,2025-02-24
C101376,Pune,2025-01-02
C101377,Delhi NCR,2025-01-18
C101378,Delhi NCR,2025-03-02
C101379,Pune,2025-02-03
C101380,Hyderabad,2025-01-13
C101381,Mumbai,2025-02-17
C101382,Delhi NCR,2025-02-03
C101383,Mumbai,2025-03-05
C101384,Pune,2025-02-23
C101385,Pune,2025-02-07
C101386,Chennai,2025-01-27
C101387,Mumbai,2025-01-06
C101388,Mumbai,2025-01-13
C101389,Bengaluru,2025-01-22
C101390,Bengaluru,2025-02-06
C101391,Bengaluru,2025-01-29
C101392,Chennai,2025-01-14
C101393,Bengaluru,2025-01-01
C101394,Bengaluru,2025-01-28
C101395,Pune,2025-01-14
C101396,Delhi NCR,2025-02-23
C101397,Hyderabad,2025-01-01
C101398,Mumbai,2025-02-05
C101399,Delhi NCR,2025-04-24
C101400,Mumbai,2025-01-08
C101401,Mumbai,2025-01-26
C101402,Chennai,2025-01-04
C101403,Mumbai,2025-02-09
C101404,Delhi NCR,2025-02-01
C101405,Bengaluru,2025-01-21
C101406,Bengaluru,2025-01-30
C101407,Chennai,2025-04-01
C101408,Mumbai,2025-01-09
C101409,Pune,2025-01-01
C101410,Chennai,2025-03-21
C101411,Delhi NCR,2025-02-04
C101412,Chennai,2025-03-30
C101413,Mumbai,2025-02-06
C101414,Bengaluru,2025-03-08
C101415,Bengaluru,2025-01-23
C101416,Pune,2025-02-25
C101417,Chennai,2025-04-08
C101418,Bengaluru,2025-02-03
C101419,Pune,2025-01-08
C101420,Mumbai,2025-01-13
C101421,Delhi NCR,2025-01-09
C101422,Delhi NCR,2025-01-12
C101423,Chennai,2025-01-15
C101424,Delhi NCR,2025-02-02
C101425,Bengaluru,2025-02-05
C101426,Mumbai,2025-01-23
C101427,Mumbai,2025-02-08
C101428,Bengaluru,2025-01-04
C101429,Bengaluru,2025-01-04
C101430,Hyderabad,2025-01-08
C101431,Delhi NCR,2025-01-30
C101432,Delhi NCR,2025-01-10
C101433,Mumbai,2025-01-14
C101434,Hyderabad,2025-01-21
C101435,Pune,2025-03-08
C101436,Mumbai,2025-01-01
C101437,Pune,2025-02-11
C101438,Delhi NCR,2025-02-14
C101439,Mumbai,2025-03-06
C101440,Delhi NCR,2025-04-18
C101441,Delhi NCR,2025-01-01
C101442,Mumbai,2025-01-07
C101443,Chennai,2025-03-28
C101444,Hyderabad,2025-01-25
C101445,Pune,2025-02-03
C101446,Delhi NCR,2025-02-13
C101447,Bengaluru,2025-02-15
C101448,Pune,2025-04-18
C101449,Delhi NCR,2025-05-31
C101450,Mumbai,2025-02-20
C101451,Delhi NCR,2025-01-14
C101452,Hyderabad,2025-03-26
C101453,Delhi NCR,2025-01-03
C101454,Mumbai,2025-01-11
C101455,Hyderabad,2025-04-02
C101456,Mumbai,2025-01-12
C101457,Bengaluru,2025-01-10
C101458,Mumbai,2025-01-06
C101459,Bengaluru,2025-03-20
C101460,Pune,2025-01-28
C101461,Delhi NCR,2025-02-14
C101462,Mumbai,2025-01-11
C101463,Hyderabad,2025-02-26
C101464,Hyderabad,2025-02-27
C101465,Hyderabad,2025-01-15
C101466,Bengaluru,2025-01-22
C101467,Delhi NCR,2025-01-10
C101468,Chennai,2025-05-31
C101469,Hyderabad,2025-02-11
C101470,Mumbai,2025-04-20
C101471,Mumbai,2025-01-15
C101472,Delhi NCR,2025-03-02
C101473,Chennai,2025-02-28
C101474,Delhi NCR,2025-02-17
C101475,Delhi NCR,2025-05-15
C101476,Mumbai,2025-01-21
C101477,Pune,2025-01-06
C101478,Hyderabad,2025-02-14
C101479,Bengaluru,2025-02-22
C101480,Hyderabad,2025-02-04
C101481,Chennai,2025-01-10
C101482,Mumbai,2025-01-29
C101483,Delhi NCR,2025-01-15
C101484,Bengaluru,2025-01-23
C101485,Hyderabad,2025-02-11
C101486,Delhi NCR,2025-02-24
C101487,Pune,2025-01-11
C101488,Hyderabad,2025-01-21
C101489,Bengaluru,2025-01-13
C101490,Chennai,2025-01-09
C101491,Delhi NCR,2025-03-03
C101492,Mumbai,2025-04-06
C101493,Pune,2025-01-19
C101494,Hyderabad,2025-02-25
C101495,Bengaluru,2025-04-01
C101496,Hyderabad,2025-03-16
C101497,Chennai,2025-01-09
C101498,Bengaluru,2025-05-06
C101499,Chennai,2025-01-19
C101500,Mumbai,2025-01-17
C101501,Mumbai,2025-01-03
C101502,Mumbai,2025-01-27
C101503,Chennai,2025-01-05
C101504,Pune,2025-01-12
C101505,Mumbai,2025-01-16
C101506,Delhi NCR,2025-03-08
C101507,Delhi NCR,2025-03-25
C101508,Mumbai,2025-01-15
C101509,Hyderabad,2025-03-20
C101510,Hyderabad,2025-03-19
C101511,Delhi NCR,2025-02-27
C101512,Chennai,2025-01-07
C101513,Bengaluru,2025-02-16
C101514,Chennai,2025-04-27
C101515,Pune,2025-02-15
C101516,Pune,2025-01-17
C101517,Mumbai,2025-01-28
C101518,Hyderabad,2025-02-11
C101519,Delhi NCR,2025-01-29
C101520,Mumbai,2025-01-06
C101521,Mumbai,2025-01-15
C101522,Delhi NCR,2025-03-06
C101523,Delhi NCR,2025-03-21
C101524,Pune,2025-01-06
C101525,Chennai,2025-05-02
C101526,Mumbai,2025-01-16
C101527,Pune,2025-02-13
C101528,Mumbai,2025-02-25
C101529,Hyderabad,2025-03-08
C101530,Hyderabad,2025-04-27
C101531,Delhi NCR,2025-01-16
C101532,Pune,2025-03-20
C101533,Bengaluru,2025-01-06
C101534,Delhi NCR,2025-02-18
C101535,Hyderabad,2025-02-24
C101536,Delhi NCR,2025-02-15
C101537,Bengaluru,2025-01-12
C101538,Delhi NCR,2025-03-24
C101539,Hyderabad,2025-01-08
C101540,Bengaluru,2025-01-03
C101541,Mumbai,2025-02-20
C101542,Pune,2025-01-26
C101543,Hyderabad,2025-03-17
C101544,Mumbai,2025-01-20
C101545,Bengaluru,2025-01-08
C101546,Mumbai,2025-03-14
C101547,Bengaluru,2025-02-01
C101548,Delhi NCR,2025-01-09
C101549,Pune,2025-02-20
C101550,Pune,2025-01-29
C101551,Pune,2025-02-07
C101552,Bengaluru,2025-01-25
C101553,Hyderabad,2025-03-12
C101554,Delhi NCR,2025-03-12
C101555,Chennai,2025-02-19
C101556,Pune,2025-01-05
C101557,Mumbai,2025-03-15
C101558,Pune,2025-02-14
C101559,Bengaluru,2025-02-17
C101560,Pune,2025-01-19
C101561,Mumbai,2025-03-26
C101562,Mumbai,2025-02-21
C101563,Hyderabad,2025-01-05
C101564,Bengaluru,2025-01-21
C101565,Hyderabad,2025-03-28
C101566,Bengaluru,2025-01-02
C101567,Pune,2025-05-11
C101568,Pune,2025-02-15
C101569,Delhi NCR,2025-02-09
C101570,Bengaluru,2025-01-13
C101571,Mumbai,2025-01-12
C101572,Mumbai,2025-04-24
C101573,Bengaluru,2025-01-15
C101574,Pune,2025-03-01
C101575,Chennai,2025-01-20
C101576,Hyderabad,2025-01-06
C101577,Hyderabad,2025-01-01
C101578,Hyderabad,2025-02-01
C101579,Pune,2025-05-29
C101580,Bengaluru,2025-01-19
C101581,Chennai,2025-01-18
C101582,Pune,2025-01-17
C101583,Delhi NCR,2025-01-30
C101584,Mumbai,2025-01-24
C101585,Delhi NCR,2025-03-26
C101586,Delhi NCR,2025-01-29
C101587,Hyderabad,2025-01-29
C101588,Delhi NCR,2025-01-06
C101589,Bengaluru,2025-05-31
C101590,Chennai,2025-01-12
C101591,Mumbai,2025-01-04
C101592,Delhi NCR,2025-02-13
C101593,Mumbai,2025-02-06
C101594,Pune,2025-01-22
C101595,Chennai,2025-01-22
C101596,Bengaluru,2025-03-03
C101597,Hyderabad,2025-01-09
C101598,Bengaluru,2025-03-10
C101599,Chennai,2025-02-11
C101600,Pune,2025-01-22
C101601,Hyderabad,2025-01-25
C101602,Mumbai,2025-01-12
C101603,Chennai,2025-02-25
C101604,Pune,2025-01-29
C101605,Bengaluru,2025-01-16
C101606,Hyderabad,2025-02-06
C101607,Bengaluru,2025-05-31
C101608,Hyderabad,2025-01-23
C101609,Mumbai,2025-04-12
C101610,Pune,2025-01-17
C101611,Delhi NCR,2025-01-03
C101612,Mumbai,2025-01-10
C101613,Bengaluru,2025-01-22
C101614,Mumbai,2025-01-10
C101615,Delhi NCR,2025-01-01
C101616,Bengaluru,2025-04-09
C101617,Delhi NCR,2025-03-16
C101618,Bengaluru,2025-02-24
C101619,Bengaluru,2025-01-08
C101620,Pune,2025-01-06
C101621,Mumbai,2025-01-03
C101622,Chennai,2025-02-21
C101623,Hyderabad,2025-04-16
C101624,Pune,2025-01-23
C101625,Delhi NCR,2025-01-06
C101626,Chennai,2025-01-29
C101627,Mumbai,2025-01-18
C101628,Mumbai,2025-01-19
C101629,Bengaluru,2025-02-08
C101630,Hyderabad,2025-02-20
C101631,Mumbai,2025-01-05
C101632,Delhi NCR,2025-01-02
C101633,Chennai,2025-05-31
C101634,Hyderabad,2025-01-11
C101635,Delhi NCR,2025-01-03
C101636,Mumbai,2025-01-09
C101637,Hyderabad,2025-01-02
C101638,Delhi NCR,2025-01-20
C101639,Mumbai,2025-03-06
C101640,Mumbai,2025-01-17
C101641,Chennai,2025-01-24
C101642,Pune,2025-02-15
C101643,Hyderabad,2025-01-29
C101644,Hyderabad,2025-03-21
C101645,Delhi NCR,2025-03-22
C101646,Delhi NCR,2025-01-01
C101647,Delhi NCR,2025-03-02
C101648,Bengaluru,2025-01-25
C101649,Delhi NCR,2025-05-31
C101650,Hyderabad,2025-01-27
C101651,Delhi NCR,2025-05-31
C101652,Chennai,2025-02-26
C101653,Delhi NCR,2025-01-12
C101654,Delhi NCR,2025-01-31
C101655,Pune,2025-05-31
C101656,Delhi NCR,2025-03-19
C101657,Pune,2025-01-05
C101658,Bengaluru,2025-02-19
C101659,Delhi NCR,2025-01-17
C101660,Mumbai,2025-01-01
C101661,Bengaluru,2025-01-21
C101662,Delhi NCR,2025-01-11
C101663,Pune,2025-03-10
C101664,Chennai,2025-01-17
C101665,Delhi NCR,2025-03-12
C101666,Pune,2025-01-01
C101667,Delhi NCR,2025-01-15
C101668,Pune,2025-01-12
C101669,Mumbai,2025-01-11
C101670,Bengaluru,2025-01-03
C101671,Bengaluru,2025-01-09
C101672,Delhi NCR,2025-02-02
C101673,Mumbai,2025-01-14
C101674,Mumbai,2025-01-22
C101675,Bengaluru,2025-01-19
C101676,Chennai,2025-03-25
C101677,Bengaluru,2025-04-05
C101678,Delhi NCR,2025-01-28
C101679,Mumbai,2025-01-17
C101680,Delhi NCR,2025-01-05
C101681,Bengaluru,2025-05-03
C101682,Mumbai,2025-01-03
C101683,Delhi NCR,2025-01-15
C101684,Mumbai,2025-01-15
C101685,Mumbai,2025-01-16
C101686,Mumbai,2025-01-08
C101687,Mumbai,2025-03-03
C101688,Mumbai,2025-01-06
C101689,Bengaluru,2025-02-10
C101690,Hyderabad,2025-01-06
C101691,Delhi NCR,2025-01-03
C101692,Delhi NCR,2025-04-07
C101693,Bengaluru,2025-01-09
C101694,Chennai,2025-03-10
C101695,Bengaluru,2025-02-01
C101696,Mumbai,2025-01-04
C101697,Delhi NCR,2025-05-05
C101698,Mumbai,2025-01-12
C101699,Bengaluru,2025-03-20
C101700,Delhi NCR,2025-01-08
C101701,Hyderabad,2025-03-18
C101702,Delhi NCR,2025-01-01
C101703,Pune,2025-01-29
C101704,Chennai,2025-02-28
C101705,Mumbai,2025-04-20
C101706,Bengaluru,2025-04-06
C101707,Bengaluru,2025-03-10
C101708,Delhi NCR,2025-03-29
C101709,Bengaluru,2025-01-09
C101710,Chennai,2025-01-14
C101711,Pune,2025-01-14
C101712,Delhi NCR,2025-01-19
C101713,Bengaluru,2025-01-20
C101714,Hyderabad,2025-02-01
C101715,Chennai,2025-01-07
C101716,Hyderabad,2025-02-17
C101717,Mumbai,2025-01-08
C101718,Pune,2025-01-15
C101719,Mumbai,2025-01-28
C101720,Bengaluru,2025-03-05
C101721,Mumbai,2025-02-23
C101722,Delhi NCR,2025-02-11
C101723,Pune,2025-01-07
C101724,Mumbai,2025-02-01
C101725,Bengaluru,2025-01-04
C101726,Delhi NCR,2025-01-19
C101727,Bengaluru,2025-01-22
C101728,Mumbai,2025-01-02
C101729,Bengaluru,2025-01-13
C101730,Pune,2025-05-05
C101731,Mumbai,2025-05-03
C101732,Mumbai,2025-01-18
C101733,Bengaluru,2025-01-02
C101734,Chennai,2025-01-08
C101735,Pune,2025-01-20
C101736,Pune,2025-04-29
C101737,Bengaluru,2025-01-07
C101738,Delhi NCR,2025-02-27
C101739,Mumbai,2025-01-05
C101740,Pune,2025-05-31
C101741,Chennai,2025-01-20
C101742,Delhi NCR,2025-03-01
C101743,Hyderabad,2025-01-17
C101744,Pune,2025-02-09
C101745,Mumbai,2025-01-09
C101746,Chennai,2025-01-07
C101747,Mumbai,2025-04-22
C101748,Delhi NCR,2025-04-10
C101749,Mumbai,2025-03-29
C101750,Mumbai,2025-02-09
C101751,Delhi NCR,2025-03-08
C101752,Bengaluru,2025-01-03
C101753,Delhi NCR,2025-01-17
C101754,Delhi NCR,2025-01-16
C101755,Mumbai,2025-02-10
C101756,Mumbai,2025-01-18
C101757,Delhi NCR,2025-01-07
C101758,Bengaluru,2025-02-06
C101759,Pune,2025-03-09
C101760,Pune,2025-01-20
C101761,Hyderabad,2025-01-06
C101762,Pune,2025-01-09
C101763,Delhi NCR,2025-01-11
C101764,Pune,2025-01-15
C101765,Bengaluru,2025-02-11
C101766,Bengaluru,2025-02-06
C101767,Hyderabad,2025-02-17
C101768,Delhi NCR,2025-01-19
C101769,Hyderabad,2025-03-11
C101770,Hyderabad,2025-01-10
C101771,Hyderabad,2025-01-26
C101772,Chennai,2025-03-06
C101773,Delhi NCR,2025-01-08
C101774,Bengaluru,2025-01-05
C101775,Delhi NCR,2025-03-28
C101776,Bengaluru,2025-01-17
C101777,Delhi NCR,2025-02-16
C101778,Pune,2025-01-02
C101779,Pune,2025-02-16
C101780,Bengaluru,2025-01-16
C101781,Mumbai,2025-01-03
C101782,Delhi NCR,2025-02-07
C101783,Mumbai,2025-01-12
C101784,Chennai,2025-01-20
C101785,Bengaluru,2025-01-04
C101786,Mumbai,2025-01-07
C101787,Mumbai,2025-01-15
C101788,Pune,2025-01-04
C101789,Pune,2025-04-07
C101790,Bengaluru,2025-01-01
C101791,Mumbai,2025-01-27
C101792,Bengaluru,2025-01-06
C101793,Bengaluru,2025-01-15
C101794,Pune,2025-04-15
C101795,Delhi NCR,2025-01-08
C101796,Bengaluru,2025-05-16
C101797,Mumbai,2025-01-10
C101798,Chennai,2025-02-24
C101799,Delhi NCR,2025-02-01
C101800,Pune,2025-03-28
C101801,Mumbai,2025-02-02
C101802,Delhi NCR,2025-01-31
C101803,Mumbai,2025-01-09
C101804,Delhi NCR,2025-01-08
C101805,Chennai,2025-04-10
C101806,Bengaluru,2025-01-16
C101807,Mumbai,2025-01-19
C101808,Mumbai,2025-02-27
C101809,Bengaluru,2025-01-17
C101810,Mumbai,2025-05-02
C101811,Mumbai,2025-02-23
C101812,Pune,2025-02-06
C101813,Delhi NCR,2025-03-27
C101814,Bengaluru,2025-01-03
C101815,Chennai,2025-01-12
C101816,Mumbai,2025-01-26
C101817,Chennai,2025-01-11
C101818,Bengaluru,2025-02-24
C101819,Hyderabad,2025-04-11
C101820,Delhi NCR,2025-01-23
C101821,Hyderabad,2025-01-17
C101822,Chennai,2025-05-11
C101823,Bengaluru,2025-01-24
C101824,Chennai,2025-01-27
C101825,Bengaluru,2025-01-18
C101826,Bengaluru,2025-04-07
C101827,Bengaluru,2025-02-03
C101828,Delhi NCR,2025-02-27
C101829,Mumbai,2025-03-08
C101830,Delhi NCR,2025-01-17
C101831,Delhi NCR,2025-01-23
C101832,Hyderabad,2025-03-17
C101833,Hyderabad,2025-01-19
C101834,Delhi NCR,2025-03-05
C101835,Bengaluru,2025-04-24
C101836,Bengaluru,2025-02-09
C101837,Mumbai,2025-02-24
C101838,Mumbai,2025-03-07
C101839,Bengaluru,2025-03-16
C101840,Bengaluru,2025-01-21
C101841,Chennai,2025-01-03
C101842,Delhi NCR,2025-01-21
C101843,Bengaluru,2025-02-14
C101844,Delhi NCR,2025-01-24
C101845,Mumbai,2025-02-25
C101846,Delhi NCR,2025-01-18
C101847,Pune,2025-02-10
C101848,Delhi NCR,2025-01-09
C101849,Bengaluru,2025-02-25
C101850,Chennai,2025-02-01
C101851,Hyderabad,2025-01-10
C101852,Pune,2025-01-14
C101853,Delhi NCR,2025-02-25
C101854,Pune,2025-01-27
C101855,Mumbai,2025-01-10
C101856,Bengaluru,2025-05-17
C101857,Mumbai,2025-02-20
C101858,Delhi NCR,2025-05-06
C101859,Delhi NCR,2025-01-23
C101860,Bengaluru,2025-01-26
C101861,Chennai,2025-04-02
C101862,Chennai,2025-01-30
C101863,Pune,2025-02-19
C101864,Delhi NCR,2025-01-12
C101865,Hyderabad,2025-01-24
C101866,Mumbai,2025-01-06
C101867,Hyderabad,2025-01-10
C101868,Mumbai,2025-01-01
C101869,Hyderabad,2025-01-02
C101870,Bengaluru,2025-05-31
C101871,Hyderabad,2025-01-12
C101872,Chennai,2025-02-13
C101873,Mumbai,2025-03-15
C101874,Delhi NCR,2025-02-01
C101875,Chennai,2025-01-07
C101876,Delhi NCR,2025-02-22
C101877,Hyderabad,2025-02-06
C101878,Delhi NCR,2025-02-22
C101879,Bengaluru,2025-02-28
C101880,Bengaluru,2025-05-29
C101881,Mumbai,2025-02-04
C101882,Hyderabad,2025-01-17
C101883,Bengaluru,2025-02-11
C101884,Delhi NCR,2025-01-03
C101885,Delhi NCR,2025-04-02
C101886,Delhi NCR,2025-01-06
C101887,Hyderabad,2025-01-16
C101888,Chennai,2025-03-09
C101889,Bengaluru,2025-02-06
C101890,Hyderabad,2025-01-21
C101891,Hyderabad,2025-01-26
C101892,Delhi NCR,2025-03-19
C101893,Chennai,2025-01-17
C101894,Mumbai,2025-03-23
C101895,Mumbai,2025-01-04
C101896,Hyderabad,2025-03-01
C101897,Delhi NCR,2025-03-17
C101898,Hyderabad,2025-01-09
C101899,Chennai,2025-01-23
C101900,Mumbai,2025-01-08
C101901,Hyderabad,2025-02-19
C101902,Delhi NCR,2025-01-31
C101903,Delhi NCR,2025-02-10
C101904,Pune,2025-01-09
C101905,Chennai,2025-01-10
C101906,Mumbai,2025-01-02
C101907,Delhi NCR,2025-01-16
C101908,Pune,2025-02-02
C101909,Pune,2025-03-20
C101910,Pune,2025-02-13
C101911,Mumbai,2025-01-23
C101912,Bengaluru,2025-05-03
C101913,Bengaluru,2025-02-20
C101914,Hyderabad,2025-04-17
C101915,Bengaluru,2025-01-30
C101916,Mumbai,2025-01-12
C101917,Chennai,2025-01-03
C101918,Mumbai,2025-02-21
C101919,Chennai,2025-01-06
C101920,Pune,2025-01-15
C101921,Hyderabad,2025-01-31
C101922,Bengaluru,2025-02-03
C101923,Mumbai,2025-02-06
C101924,Pune,2025-01-08
C101925,Hyderabad,2025-01-20
C101926,Pune,2025-02-08
C101927,Mumbai,2025-05-21
C101928,Pune,2025-02-22
C101929,Hyderabad,2025-04-13
C101930,Pune,2025-02-27
C101931,Hyderabad,2025-02-05
C101932,Hyderabad,2025-01-09
C101933,Delhi NCR,2025-02-13
C101934,Mumbai,2025-02-09
C101935,Delhi NCR,2025-02-06
C101936,Mumbai,2025-01-27
C101937,Bengaluru,2025-01-31
C101938,Bengaluru,2025-01-17
C101939,Mumbai,2025-01-30
C101940,Bengaluru,2025-01-09
C101941,Mumbai,2025-03-07
C101942,Hyderabad,2025-01-09
C101943,Chennai,2025-01-04
C101944,Mumbai,2025-01-23
C101945,Chennai,2025-02-12
C101946,Delhi NCR,2025-01-24
C101947,Bengaluru,2025-01-13
C101948,Mumbai,2025-02-02
C101949,Delhi NCR,2025-01-18
C101950,Hyderabad,2025-04-19
C101951,Pune,2025-04-13
C101952,Mumbai,2025-01-28
C101953,Mumbai,2025-01-16
C101954,Bengaluru,2025-02-23
C101955,Bengaluru,2025-01-02
C101956,Bengaluru,2025-01-26
C101957,Bengaluru,2025-01-17
C101958,Hyderabad,2025-04-12
C101959,Chennai,2025-01-01
C101960,Bengaluru,2025-02-02
C101961,Chennai,2025-02-23
C101962,Bengaluru,2025-01-27
C101963,Delhi NCR,2025-01-04
C101964,Bengaluru,2025-05-24
C101965,Pune,2025-01-30
C101966,Chennai,2025-02-08
C101967,Delhi NCR,2025-01-11
C101968,Bengaluru,2025-01-27
C101969,Pune,2025-01-23
C101970,Mumbai,2025-01-04
C101971,Hyderabad,2025-01-05
C101972,Delhi NCR,2025-03-14
C101973,Delhi NCR,2025-01-11
C101974,Delhi NCR,2025-01-09
C101975,Pune,2025-01-29
C101976,Mumbai,2025-02-28
C101977,Pune,2025-01-03
C101978,Bengaluru,2025-02-04
C101979,Pune,2025-01-06
C101980,Hyderabad,2025-01-02
C101981,Hyderabad,2025-01-03
C101982,Delhi NCR,2025-03-13
C101983,Delhi NCR,2025-01-06
C101984,Mumbai,2025-01-02
C101985,Hyderabad,2025-01-24
C101986,Bengaluru,2025-03-16
C101987,Delhi NCR,2025-01-13
C101988,Bengaluru,2025-01-22
C101989,Mumbai,2025-01-02
C101990,Pune,2025-01-24
C101991,Mumbai,2025-02-04
C101992,Pune,2025-02-03
C101993,Bengaluru,2025-01-17
C101994,Mumbai,2025-01-16
C101995,Delhi NCR,2025-01-05
C101996,Mumbai,2025-01-19
C101997,Bengaluru,2025-01-05
C101998,Pune,2025-02-28
C101999,Mumbai,2025-05-16
C102000,Hyderabad,2025-05-21
C102001,Mumbai,2025-03-22
C102002,Bengaluru,2025-02-06
C102003,Pune,2025-02-18
C102004,Bengaluru,2025-01-14
C102005,Mumbai,2025-02-09
C102006,Bengaluru,2025-01-25
C102007,Bengaluru,2025-01-27
C102008,Hyderabad,2025-02-26
C102009,Bengaluru,2025-01-14
C102010,Hyderabad,2025-01-16
C102011,Chennai,2025-04-14
C102012,Delhi NCR,2025-01-03
C102013,Chennai,2025-01-27
C102014,Bengaluru,2025-04-08
C102015,Chennai,2025-02-07
C102016,Mumbai,2025-02-01
C102017,Pune,2025-01-12
C102018,Delhi NCR,2025-01-17
C102019,Bengaluru,2025-03-18
C102020,Pune,2025-02-02
C102021,Pune,2025-01-29
C102022,Mumbai,2025-01-05
C102023,Mumbai,2025-01-01
C102024,Pune,2025-05-13
C102025,Pune,2025-01-19
C102026,Chennai,2025-02-06
C102027,Hyderabad,2025-01-04
C102028,Chennai,2025-02-15
C102029,Pune,2025-04-18
C102030,Bengaluru,2025-02-04
C102031,Mumbai,2025-01-06
C102032,Hyderabad,2025-02-04
C102033,Pune,2025-02-28
C102034,Mumbai,2025-01-21
C102035,Bengaluru,2025-03-26
C102036,Chennai,2025-02-11
C102037,Delhi NCR,2025-04-02
C102038,Delhi NCR,2025-02-09
C102039,Delhi NCR,2025-01-06
C102040,Mumbai,2025-01-15
C102041,Bengaluru,2025-01-10
C102042,Bengaluru,2025-04-06
C102043,Mumbai,2025-02-27
C102044,Hyderabad,2025-02-15
C102045,Bengaluru,2025-01-15
C102046,Hyderabad,2025-01-09
C102047,Hyderabad,2025-02-26
C102048,Mumbai,2025-01-26
C102049,Pune,2025-01-11
C102050,Delhi NCR,2025-02-08
C102051,Hyderabad,2025-01-02
C102052,Mumbai,2025-01-16
C102053,Pune,2025-01-26
C102054,Delhi NCR,2025-01-07
C102055,Bengaluru,2025-05-31
C102056,Mumbai,2025-01-10
C102057,Pune,2025-01-06
C102058,Pune,2025-01-10
C102059,Bengaluru,2025-02-28
C102060,Pune,2025-01-23
C102061,Bengaluru,2025-02-03
C102062,Pune,2025-01-01
C102063,Mumbai,2025-01-02
C102064,Chennai,2025-01-24
C102065,Bengaluru,2025-03-09
C102066,Bengaluru,2025-03-28
C102067,Mumbai,2025-01-04
C102068,Mumbai,2025-01-31
C102069,Delhi NCR,2025-04-08
C102070,Bengaluru,2025-01-20
C102071,Hyderabad,2025-03-12
C102072,Mumbai,2025-01-06
C102073,Bengaluru,2025-04-20
C102074,Bengaluru,2025-02-25
C102075,Mumbai,2025-04-24
C102076,Mumbai,2025-02-15
C102077,Bengaluru,2025-01-19
C102078,Delhi NCR,2025-04-22
C102079,Bengaluru,2025-01-13
C102080,Delhi NCR,2025-01-17
C102081,Delhi NCR,2025-02-18
C102082,Mumbai,2025-02-27
C102083,Delhi NCR,2025-04-17
C102084,Chennai,2025-01-10
C102085,Delhi NCR,2025-03-05
C102086,Pune,2025-02-23
C102087,Bengaluru,2025-01-03
C102088,Hyderabad,2025-01-20
C102089,Hyderabad,2025-01-14
C102090,Delhi NCR,2025-01-15
C102091,Chennai,2025-05-31
C102092,Mumbai,2025-02-11
C102093,Mumbai,2025-02-20
C102094,Hyderabad,2025-05-31
C102095,Hyderabad,2025-01-19
C102096,Mumbai,2025-03-06
C102097,Bengaluru,2025-01-23
C102098,Mumbai,2025-03-23
C102099,Bengaluru,2025-01-08
C102100,Hyderabad,2025-04-29
C102101,Delhi NCR,2025-01-10
C102102,Bengaluru,2025-01-16
C102103,Bengaluru,2025-02-26
C102104,Mumbai,2025-01-21
C102105,Bengaluru,2025-02-07
C102106,Pune,2025-01-24
C102107,Chennai,2025-02-24
C102108,Hyderabad,2025-01-11
C102109,Mumbai,2025-01-03
C102110,Chennai,2025-01-15
C102111,Hyderabad,2025-01-26
C102112,Hyderabad,2025-01-08
C102113,Delhi NCR,2025-01-18
C102114,Bengaluru,2025-01-21
C102115,Bengaluru,2025-01-03
C102116,Mumbai,2025-02-05
C102117,Bengaluru,2025-03-28
C102118,Bengaluru,2025-01-07
C102119,Delhi NCR,2025-02-06
C102120,Pune,2025-02-13
C102121,Delhi NCR,2025-01-22
C102122,Mumbai,2025-02-18
C102123,Chennai,2025-01-22
C102124,Chennai,2025-01-29
C102125,Hyderabad,2025-01-01
C102126,Chennai,2025-02-17
C102127,Delhi NCR,2025-02-13
C102128,Chennai,2025-01-02
C102129,Mumbai,2025-01-19
C102130,Bengaluru,2025-05-31
C102131,Bengaluru,2025-01-22
C102132,Mumbai,2025-01-28
C102133,Mumbai,2025-04-07
C102134,Pune,2025-02-20
C102135,Hyderabad,2025-02-04
C102136,Delhi NCR,2025-03-05
C102137,Mumbai,2025-03-21
C102138,Hyderabad,2025-01-25
C102139,Pune,2025-01-26
C102140,Bengaluru,2025-01-20
C102141,Pune,2025-05-17
C102142,Bengaluru,2025-02-17
C102143,Bengaluru,2025-01-04
C102144,Chennai,2025-03-21
C102145,Bengaluru,2025-01-27
C102146,Delhi NCR,2025-01-03
C102147,Chennai,2025-02-01
C102148,Pune,2025-01-22
C102149,Mumbai,2025-03-26
C102150,Mumbai,2025-01-10
C102151,Mumbai,2025-03-12
C102152,Pune,2025-02-02
C102153,Delhi NCR,2025-01-03
C102154,Mumbai,2025-05-23
C102155,Chennai,2025-01-29
C102156,Delhi NCR,2025-01-14
C102157,Bengaluru,2025-01-26
C102158,Delhi NCR,2025-03-20
C102159,Pune,2025-01-15
C102160,Mumbai,2025-01-09
C102161,Bengaluru,2025-01-06
C102162,Hyderabad,2025-01-15
C102163,Delhi NCR,2025-03-02
C102164,Delhi NCR,2025-01-26
C102165,Delhi NCR,2025-01-11
C102166,Mumbai,2025-01-08
C102167,Mumbai,2025-01-17
C102168,Delhi NCR,2025-04-23
C102169,Mumbai,2025-01-17
C102170,Mumbai,2025-05-31
C102171,Hyderabad,2025-01-27
C102172,Chennai,2025-01-08
C102173,Hyderabad,2025-03-30
C102174,Hyderabad,2025-01-25
C102175,Bengaluru,2025-02-19
C102176,Chennai,2025-05-31
C102177,Mumbai,2025-01-03
C102178,Chennai,2025-01-05
C102179,Chennai,2025-02-20
C102180,Pune,2025-01-14
C102181,Chennai,2025-01-09
C102182,Delhi NCR,2025-01-02
C102183,Bengaluru,2025-01-01
C102184,Delhi NCR,2025-03-01
C102185,Delhi NCR,2025-01-06
C102186,Mumbai,2025-01-26
C102187,Pune,2025-02-07
C102188,Chennai,2025-01-23
C102189,Mumbai,2025-01-02
C102190,Hyderabad,2025-03-03
C102191,Chennai,2025-01-01
C102192,Chennai,2025-02-27
C102193,Chennai,2025-03-31
C102194,Delhi NCR,2025-01-23
C102195,Chennai,2025-01-31
C102196,Pune,2025-01-26
C102197,Mumbai,2025-01-20
C102198,Delhi NCR,2025-03-29
C102199,Pune,2025-03-31
C102200,Bengaluru,2025-01-17
C102201,Pune,2025-02-08
C102202,Pune,2025-04-15
C102203,Mumbai,2025-05-11
C102204,Delhi NCR,2025-01-29
C102205,Hyderabad,2025-01-25
C102206,Delhi NCR,2025-01-14
C102207,Mumbai,2025-05-08
C102208,Mumbai,2025-01-07
C102209,Bengaluru,2025-02-04
C102210,Chennai,2025-01-14
C102211,Bengaluru,2025-01-14
C102212,Pune,2025-01-21
C102213,Bengaluru,2025-05-31
C102214,Bengaluru,2025-01-03
C102215,Hyderabad,2025-02-04
C102216,Pune,2025-01-04
C102217,Mumbai,2025-01-07
C102218,Delhi NCR,2025-01-24
C102219,Mumbai,2025-01-29
C102220,Delhi NCR,2025-01-12
C102221,Pune,2025-01-16
C102222,Mumbai,2025-01-04
C102223,Bengaluru,2025-01-15
C102224,Bengaluru,2025-05-16
C102225,Chennai,2025-04-26
C102226,Chennai,2025-01-17
C102227,Mumbai,2025-02-03
C102228,Hyderabad,2025-04-07
C102229,Bengaluru,2025-01-01
C102230,Bengaluru,2025-03-08
C102231,Pune,2025-04-29
C102232,Chennai,2025-01-04
C102233,Chennai,2025-01-08
C102234,Delhi NCR,2025-05-10
C102235,Bengaluru,2025-01-31
C102236,Hyderabad,2025-01-01
C102237,Bengaluru,2025-01-12
C102238,Delhi NCR,2025-01-24
C102239,Bengaluru,2025-02-17
C102240,Pune,2025-02-22
C102241,Bengaluru,2025-05-31
C102242,Mumbai,2025-01-14
C102243,Chennai,2025-01-31
C102244,Mumbai,2025-01-31
C102245,Delhi NCR,2025-01-21
C102246,Bengaluru,2025-01-08
C102247,Mumbai,2025-05-31
C102248,Mumbai,2025-03-18
C102249,Mumbai,2025-01-28
C102250,Hyderabad,2025-02-06
C102251,Bengaluru,2025-01-11
C102252,Chennai,2025-02-01
C102253,Delhi NCR,2025-02-17
C102254,Delhi NCR,2025-01-29
C102255,Delhi NCR,2025-05-31
C102256,Delhi NCR,2025-02-07
C102257,Pune,2025-01-19
C102258,Bengaluru,2025-03-01
C102259,Bengaluru,2025-01-08
C102260,Chennai,2025-01-20
C102261,Chennai,2025-01-18
C102262,Chennai,2025-01-23
C102263,Bengaluru,2025-03-02
C102264,Hyderabad,2025-01-27
C102265,Delhi NCR,2025-03-05
C102266,Delhi NCR,2025-02-04
C102267,Mumbai,2025-01-17
C102268,Delhi NCR,2025-03-08
C102269,Mumbai,2025-01-11
C102270,Bengaluru,2025-01-11
C102271,Hyderabad,2025-01-29
C102272,Mumbai,2025-01-13
C102273,Mumbai,2025-01-01
C102274,Mumbai,2025-02-11
C102275,Chennai,2025-01-29
C102276,Delhi NCR,2025-01-24
C102277,Bengaluru,2025-05-17
C102278,Hyderabad,2025-02-03
C102279,Hyderabad,2025-03-21
C102280,Bengaluru,2025-01-07
C102281,Pune,2025-02-03
C102282,Hyderabad,2025-03-22
C102283,Pune,2025-02-04
C102284,Mumbai,2025-02-20
C102285,Hyderabad,2025-01-19
C102286,Delhi NCR,2025-01-04
C102287,Bengaluru,2025-01-25
C102288,Delhi NCR,2025-01-21
C102289,Mumbai,2025-03-22
C102290,Mumbai,2025-01-12
C102291,Hyderabad,2025-05-17
C102292,Mumbai,2025-05-07
C102293,Bengaluru,2025-01-12
C102294,Delhi NCR,2025-01-18
C102295,Mumbai,2025-04-01
C102296,Chennai,2025-05-16
C102297,Bengaluru,2025-01-24
C102298,Bengaluru,2025-01-16
C102299,Bengaluru,2025-01-30
C102300,Bengaluru,2025-02-16
C102301,Mumbai,2025-01-13
C102302,Pune,2025-02-23
C102303,Chennai,2025-01-03
C102304,Bengaluru,2025-01-03
C102305,Pune,2025-01-20
C102306,Pune,2025-01-18
C102307,Hyderabad,2025-01-16
C102308,Delhi NCR,2025-01-28
C102309,Bengaluru,2025-01-16
C102310,Bengaluru,2025-01-09
C102311,Pune,2025-01-15
C102312,Hyderabad,2025-05-28
C102313,Mumbai,2025-01-22
C102314,Bengaluru,2025-01-24
C102315,Chennai,2025-02-04
C102316,Hyderabad,2025-05-31
C102317,Chennai,2025-01-12
C102318,Pune,2025-02-15
C102319,Bengaluru,2025-02-20
C102320,Delhi NCR,2025-02-07
C102321,Pune,2025-01-04
C102322,Mumbai,2025-02-15
C102323,Delhi NCR,2025-01-03
C102324,Pune,2025-02-06
C102325,Mumbai,2025-02-23
C102326,Hyderabad,2025-01-10
C102327,Delhi NCR,2025-03-15
C102328,Chennai,2025-01-02
C102329,Mumbai,2025-03-16
C102330,Bengaluru,2025-01-25
C102331,Delhi NCR,2025-01-10
C102332,Bengaluru,2025-01-06
C102333,Pune,2025-05-03
C102334,Pune,2025-01-04
C102335,Mumbai,2025-01-09
C102336,Delhi NCR,2025-01-18
C102337,Delhi NCR,2025-02-08
C102338,Bengaluru,2025-02-01
C102339,Chennai,2025-01-06
C102340,Hyderabad,2025-01-14
C102341,Pune,2025-01-11
C102342,Pune,2025-01-10
C102343,Delhi NCR,2025-01-22
C102344,Chennai,2025-02-18
C102345,Pune,2025-01-10
C102346,Pune,2025-01-19
C102347,Hyderabad,2025-01-20
C102348,Bengaluru,2025-05-30
C102349,Hyderabad,2025-05-04
C102350,Mumbai,2025-03-06
C102351,Bengaluru,2025-01-12
C102352,Bengaluru,2025-01-03
C102353,Chennai,2025-01-16
C102354,Hyderabad,2025-01-13
C102355,Pune,2025-01-29
C102356,Pune,2025-03-02
C102357,Delhi NCR,2025-03-20
C102358,Chennai,2025-03-16
C102359,Delhi NCR,2025-01-18
C102360,Bengaluru,2025-02-16
C102361,Mumbai,2025-01-16
C102362,Hyderabad,2025-01-03
C102363,Pune,2025-02-18
C102364,Bengaluru,2025-01-01
C102365,Mumbai,2025-01-22
C102366,Hyderabad,2025-01-16
C102367,Mumbai,2025-02-17
C102368,Pune,2025-02-28
C102369,Chennai,2025-01-15
C102370,Delhi NCR,2025-03-08
C102371,Bengaluru,2025-01-14
C102372,Pune,2025-01-24
C102373,Hyderabad,2025-02-21
C102374,Delhi NCR,2025-02-17
C102375,Chennai,2025-05-31
C102376,Mumbai,2025-01-11
C102377,Delhi NCR,2025-02-13
C102378,Pune,2025-02-07
C102379,Hyderabad,2025-04-09
C102380,Mumbai,2025-01-07
C102381,Hyderabad,2025-02-25
C102382,Delhi NCR,2025-02-03
C102383,Bengaluru,2025-01-13
C102384,Mumbai,2025-01-26
C102385,Hyderabad,2025-01-17
C102386,Mumbai,2025-02-04
C102387,Bengaluru,2025-03-29
C102388,Bengaluru,2025-02-03
C102389,Hyderabad,2025-02-09
C102390,Pune,2025-01-30
C102391,Hyderabad,2025-01-03
C102392,Bengaluru,2025-01-11
C102393,Pune,2025-01-28
C102394,Delhi NCR,2025-01-15
C102395,Hyderabad,2025-01-09
C102396,Chennai,2025-01-29
C102397,Mumbai,2025-01-16
C102398,Pune,2025-01-12
C102399,Mumbai,2025-01-25
C102400,Delhi NCR,2025-01-06
C102401,Bengaluru,2025-04-16
C102402,Bengaluru,2025-03-22
C102403,Bengaluru,2025-02-19
C102404,Pune,2025-01-05
C102405,Bengaluru,2025-03-01
C102406,Pune,2025-03-08
C102407,Bengaluru,2025-02-28
C102408,Mumbai,2025-01-05
C102409,Hyderabad,2025-02-11
C102410,Bengaluru,2025-03-13
C102411,Delhi NCR,2025-02-04
C102412,Pune,2025-02-11
C102413,Bengaluru,2025-01-25
C102414,Mumbai,2025-01-31
C102415,Bengaluru,2025-01-02
C102416,Chennai,2025-02-10
C102417,Pune,2025-01-04
C102418,Pune,2025-01-23
C102419,Pune,2025-01-14
C102420,Mumbai,2025-02-01
C102421,Bengaluru,2025-01-06
C102422,Pune,2025-02-17
C102423,Mumbai,2025-03-05
C102424,Bengaluru,2025-01-08
C102425,Bengaluru,2025-01-05
C102426,Delhi NCR,2025-01-07
C102427,Chennai,2025-03-25
C102428,Mumbai,2025-01-31
C102429,Delhi NCR,2025-01-26
C102430,Mumbai,2025-01-05
C102431,Chennai,2025-02-11
C102432,Mumbai,2025-03-22
C102433,Bengaluru,2025-03-12
C102434,Pune,2025-02-09
C102435,Pune,2025-01-04
C102436,Delhi NCR,2025-01-05
C102437,Bengaluru,2025-01-03
C102438,Bengaluru,2025-01-12
C102439,Bengaluru,2025-01-06
C102440,Mumbai,2025-01-13
C102441,Delhi NCR,2025-01-20
C102442,Bengaluru,2025-04-25
C102443,Bengaluru,2025-02-07
C102444,Pune,2025-03-14
C102445,Chennai,2025-02-19
C102446,Delhi NCR,2025-01-05
C102447,Mumbai,2025-02-23
C102448,Mumbai,2025-01-13
C102449,Chennai,2025-02-10
C102450,Bengaluru,2025-01-17
C102451,Mumbai,2025-05-31
C102452,Delhi NCR,2025-01-13
C102453,Pune,2025-01-14
C102454,Pune,2025-04-17
C102455,Bengaluru,2025-01-01
C102456,Mumbai,2025-02-17
C102457,Chennai,2025-02-21
C102458,Bengaluru,2025-03-14
C102459,Pune,2025-05-27
C102460,Pune,2025-05-29
C102461,Delhi NCR,2025-01-03
C102462,Bengaluru,2025-03-11
C102463,Bengaluru,2025-02-11
C102464,Delhi NCR,2025-02-11
C102465,Hyderabad,2025-01-06
C102466,Chennai,2025-02-12
C102467,Mumbai,2025-05-31
C102468,Mumbai,2025-04-08
C102469,Chennai,2025-01-24
C102470,Pune,2025-01-02
C102471,Hyderabad,2025-01-18
C102472,Mumbai,2025-03-12
C102473,Delhi NCR,2025-02-18
C102474,Pune,2025-01-25
C102475,Pune,2025-01-03
C102476,Bengaluru,2025-01-23
C102477,Mumbai,2025-01-26
C102478,Delhi NCR,2025-04-16
C102479,Bengaluru,2025-02-10
C102480,Delhi NCR,2025-01-15
C102481,Chennai,2025-01-30
C102482,Bengaluru,2025-01-03
C102483,Hyderabad,2025-05-24
C102484,Mumbai,2025-01-18
C102485,Pune,2025-01-26
C102486,Chennai,2025-01-18
C102487,Mumbai,2025-02-15
C102488,Mumbai,2025-02-13
C102489,Delhi NCR,2025-02-20
C102490,Mumbai,2025-01-13
C102491,Pune,2025-01-16
C102492,Chennai,2025-01-06
C102493,Delhi NCR,2025-02-12
C102494,Bengaluru,2025-01-02
C102495,Delhi NCR,2025-02-06
C102496,Pune,2025-03-23
C102497,Mumbai,2025-03-30
C102498,Delhi NCR,2025-01-24
C102499,Delhi NCR,2025-01-25
